N,g,omega,C_g,rho,N_g_pred,is_new_N,passes_primary,passes_relaxed
100000,2,1,1.3203236316937392,0.22936370702842093,992.7725434662894,False,True,True
196841,2,1,1.3203236316937392,0.21662136414710814,1734.4298278851097,False,True,True
387467,2,1,1.3203236316937392,0.20522017999690106,3053.301678087249,False,True,True
762698,2,1,1.3203236316937392,0.1949591620314642,5410.496432476363,False,True,True
1501310,2,1,1.3203236316937392,0.18567538821885632,9642.730482293866,False,True,True
2955209,2,1,1.3203236316937392,0.17723559274146203,17272.969646886224,False,True,True
5817091,2,1,1.3203236316937392,0.16952969711552923,31081.28470979292,False,True,True
11450475,2,1,1.3203236316937392,0.1624659597556598,56156.210062474885,False,True,True
22539339,2,1,1.3203236316937392,0.15596732079867784,101834.9673894938,False,True,True
44366873,2,1,1.3203236316937392,0.14996857773189845,185291.106631176,False,True,True
87332616,2,1,1.3203236316937392,0.14441418592833263,338180.66803651425,False,True,True
171907220,2,1,1.3203236316937392,0.13925653641805247,618975.5710308873,False,True,True
338385515,2,1,1.3203236316937392,0.13445458688566536,1135888.7564015428,False,True,True
666084629,2,1,1.3203236316937392,0.12997276731688234,2089553.5359684932,False,True,True
1311133937,2,1,1.3203236316937392,0.1257800974046088,3852596.5976909962,False,True,True
2580861540,2,1,1.3203236316937392,0.12184946935975945,7118205.43716754,False,True,True
5080218046,2,1,1.3203236316937392,0.11815706119740946,13177882.828860013,False,True,True
10000000000,2,1,1.3203236316937392,0.11468185351421047,24441383.357245844,False,True,True
30000000000,2,1,1.3203236316937392,0.10945931685437864,66822588.26602331,False,True,True
70000000000,2,1,1.3203236316937392,0.10574533590298435,145561328.08456346,False,True,True
100000000000,2,1,1.3203236316937392,0.10425623046746406,202155091.90170324,False,True,True
300000000000,2,1,1.3203236316937392,0.09992214159718021,557309793.3924354,False,True,True
1000000000000,2,1,1.3203236316937392,0.09556821126184206,1700070239.0076706,False,True,True
3000000000000,2,1,1.3203236316937392,0.0919137124445515,4719452114.111729,False,True,True
10000000000000,2,1,1.3203236316937392,0.08821681039554652,14497562057.51825,False,True,True
30000000000000,2,1,1.3203236316937392,0.08509373132934386,40482859844.98097,True,True,True
100000000000000,2,1,1.3203236316937392,0.08191560965300748,125101107430.87181,True,True,True
300000000000000,2,1,1.3203236316937392,0.07921592386802952,351096884446.2848,True,True,True
1000000000000000,2,1,1.3203236316937392,0.07645456900947366,1090560061140.8035,True,True,True
100000,4,1,1.3203236316937392,0.45872741405684186,789.2932074008612,False,True,True
196841,4,1,1.3203236316937392,0.4332427282942163,1396.6232596594414,False,True,True
387467,4,1,1.3203236316937392,0.41044035999380213,2486.8164107347393,False,True,True
762698,4,1,1.3203236316937392,0.3899183240629284,4452.125793990645,False,True,True
1501310,4,1,1.3203236316937392,0.37135077643771264,8008.703800677231,False,True,True
2955209,4,1,1.3203236316937392,0.35447118548292406,14467.535940851893,False,True,True
5817091,4,1,1.3203236316937392,0.33905939423105846,26234.521634580913,False,True,True
11450475,4,1,1.3203236316937392,0.3249319195113196,47735.30701303939,False,True,True
22539339,4,1,1.3203236316937392,0.3119346415973557,87128.68950067632,False,True,True
44366873,4,1,1.3203236316937392,0.2999371554637969,159486.54478831362,False,True,True
87332616,4,1,1.3203236316937392,0.28882837185666527,292705.23758248304,False,True,True
171907220,4,1,1.3203236316937392,0.27851307283610494,538511.7252514592,False,True,True
338385515,4,1,1.3203236316937392,0.2689091737713307,992985.5200329649,False,True,True
666084629,4,1,1.3203236316937392,0.2599455346337647,1834877.3805517172,False,True,True
1311133937,4,1,1.3203236316937392,0.2515601948092176,3397253.341884013,False,True,True
2580861540,4,1,1.3203236316937392,0.2436989387195189,6301616.444341221,False,True,True
5080218046,4,1,1.3203236316937392,0.23631412239481892,11709293.231778769,False,True,True
10000000000,4,1,1.3203236316937392,0.22936370702842093,21793153.947435573,False,True,True
30000000000,4,1,1.3203236316937392,0.21891863370875728,59894330.67956093,False,True,True
70000000000,4,1,1.3203236316937392,0.2114906718059687,130954791.5235582,False,True,True
100000000000,4,1,1.3203236316937392,0.20851246093492812,182140606.87183532,False,True,True
300000000000,4,1,1.3203236316937392,0.19984428319436043,504314018.054812,False,True,True
1000000000000,4,1,1.3203236316937392,0.19113642252368412,1545119658.178806,False,True,True
3000000000000,4,1,1.3203236316937392,0.183827424889103,4305008028.905673,False,True,True
10000000000000,4,1,1.3203236316937392,0.17643362079109304,13273422012.274248,False,True,True
30000000000000,4,1,1.3203236316937392,0.17018746265868773,37180518932.52128,True,True,True
100000000000000,4,1,1.3203236316937392,0.16383121930601496,115261868856.60898,True,True,True
300000000000000,4,1,1.3203236316937392,0.15843184773605903,324357494489.9928,True,True,True
1000000000000000,4,1,1.3203236316937392,0.15290913801894732,1010289388249.8156,True,True,True
100000,6,2,2.6406472633874785,1.3761822421705256,630.6999429858487,False,False,True
196841,6,2,2.6406472633874785,1.2997281848826487,1174.355034110798,False,False,True
387467,6,2,2.6406472633874785,1.2313210799814065,2188.616924725359,False,False,True
762698,6,2,2.6406472633874785,1.1697549721887852,4082.4292721128945,False,False,True
1501310,6,2,2.6406472633874785,1.114052329313138,7621.510306662656,False,False,True
2955209,6,2,2.6406472633874785,1.0634135564487721,14240.813729894624,False,True,True
5817091,6,2,2.6406472633874785,1.0171781826931754,26631.76177605852,False,True,True
11450475,6,2,2.6406472633874785,0.9747957585339588,49846.81758644201,False,True,True
22539339,6,2,2.6406472633874785,0.935803924792067,93378.77889794752,False,True,True
44366873,6,2,2.6406472633874785,0.8998114663913906,175078.147187572,False,True,True
87332616,6,2,2.6406472633874785,0.8664851155699957,328539.3193647058,False,True,True
171907220,6,2,2.6406472633874785,0.8355392185083148,617037.8116919462,False,True,True
338385515,6,2,2.6406472633874785,0.8067275213139922,1159848.781602031,False,True,True
666084629,6,2,2.6406472633874785,0.779836603901294,2181982.2834706935,False,True,True
1311133937,6,2,2.6406472633874785,0.7546805844276527,4108237.29888384,False,True,True
2580861540,6,2,2.6406472633874785,0.7310968161585566,7741190.460761769,False,True,True
5080218046,6,2,2.6406472633874785,0.7089423671844568,14598251.41731499,False,True,True
10000000000,6,2,2.6406472633874785,0.6880911210852628,27550361.245411176,False,True,True
30000000000,6,2,2.6406472633874785,0.6567559011262718,77315292.36252232,False,True,True
70000000000,6,2,2.6406472633874785,0.6344720154179061,171574572.5933371,False,True,True
100000000000,6,2,2.6406472633874785,0.6255373828047843,240062957.70737326,False,True,True
300000000000,6,2,2.6406472633874785,0.5995328495830813,676314185.7723197,False,True,True
1000000000000,6,2,2.6406472633874785,0.5734092675710524,2108497674.9967847,False,True,True
3000000000000,6,2,2.6406472633874785,0.551482274667309,5961197201.72952,False,True,True
10000000000000,6,2,2.6406472633874785,0.5293008623732791,18653683436.913742,False,True,True
30000000000000,6,2,2.6406472633874785,0.5105623879760632,52908139602.04519,True,True,True
100000000000000,6,2,2.6406472633874785,0.4914936579180449,166116840981.0029,True,True,True
300000000000000,6,2,2.6406472633874785,0.47529554320817713,472543483212.0617,True,True,True
1000000000000000,6,2,2.6406472633874785,0.4587274140568419,1488197591162.6365,True,True,True
100000,8,1,1.3203236316937392,0.9174548281136837,498.9023856962606,False,True,True
196841,8,1,1.3203236316937392,0.8664854565884326,905.5748328374902,False,True,True
387467,8,1,1.3203236316937392,0.8208807199876043,1649.6497333098957,False,True,True
762698,8,1,1.3203236316937392,0.7798366481258568,3014.5885842446455,False,True,True
1501310,8,1,1.3203236316937392,0.7427015528754253,5524.419361338796,False,True,True
2955209,8,1,1.3203236316937392,0.7089423709658481,10149.617836751971,False,True,True
5817091,8,1,1.3203236316937392,0.6781187884621169,18690.526082497145,False,True,True
11450475,8,1,1.3203236316937392,0.6498638390226392,34492.41323183825,False,True,True
22539339,8,1,1.3203236316937392,0.6238692831947114,63780.75976558909,False,True,True
44366873,8,1,1.3203236316937392,0.5998743109275938,118157.96368185613,False,True,True
87332616,8,1,1.3203236316937392,0.5776567437133305,219277.42648279312,False,True,True
171907220,8,1,1.3203236316937392,0.5570261456722099,407604.0336647902,False,True,True
338385515,8,1,1.3203236316937392,0.5378183475426614,758852.1086347108,False,True,True
666084629,8,1,1.3203236316937392,0.5198910692675294,1414862.1729173765,False,True,True
1311133937,8,1,1.3203236316937392,0.5031203896184352,2641658.8436894794,False,True,True
2580861540,8,1,1.3203236316937392,0.4873978774390378,4938725.195144681,False,True,True
5080218046,8,1,1.3203236316937392,0.47262824478963783,9244869.023316968,False,True,True
10000000000,8,1,1.3203236316937392,0.45872741405684186,17326414.284679744,False,True,True
30000000000,8,1,1.3203236316937392,0.43783726741751455,48118331.6800772,False,True,True
70000000000,8,1,1.3203236316937392,0.4229813436119374,105991774.17305566,False,True,True
100000000000,8,1,1.3203236316937392,0.41702492186985624,147860090.6334578,False,True,True
300000000000,8,1,1.3203236316937392,0.39968856638872086,412961695.8594993,False,True,True
1000000000000,8,1,1.3203236316937392,0.38227284504736825,1276299574.3284254,False,True,True
3000000000000,8,1,1.3203236316937392,0.367654849778206,3582108444.4315486,False,True,True
10000000000000,8,1,1.3203236316937392,0.3528672415821861,11126504669.96546,False,True,True
30000000000000,8,1,1.3203236316937392,0.34037492531737545,31362015928.17592,True,True,True
100000000000000,8,1,1.3203236316937392,0.3276624386120299,97844104421.3358,True,True,True
300000000000000,8,1,1.3203236316937392,0.31686369547211807,276833000428.2711,True,True,True
1000000000000000,8,1,1.3203236316937392,0.30581827603789463,867038128910.877,True,True,True
100000,10,2,1.7604315089249856,1.5290913801894728,360.84769692769066,False,False,True
196841,10,2,1.7604315089249856,1.4441424276473875,677.6256642628535,False,False,True
387467,10,2,1.7604315089249856,1.3681345333126738,1272.509890187087,False,False,True
762698,10,2,1.7604315089249856,1.299727746876428,2389.9067256705225,False,False,True
1501310,10,2,1.7604315089249856,1.237835921459042,4489.4304842234105,False,False,True
2955209,10,2,1.7604315089249856,1.1815706182764134,8435.844911910448,False,False,True
5817091,10,2,1.7604315089249856,1.130197980770195,15857.136462976021,False,False,True
11450475,10,2,1.7604315089249856,1.0831063983710654,29819.987991417038,False,True,True
22539339,10,2,1.7604315089249856,1.039782138657852,56104.7674827677,False,True,True
44366873,10,2,1.7604315089249856,0.9997905182126562,105613.71816235356,False,True,True
87332616,10,2,1.7604315089249856,0.9627612395222175,198922.4981539189,False,True,True
171907220,10,2,1.7604315089249856,0.9283769094536831,374888.0717578217,False,True,True
338385515,10,2,1.7604315089249856,0.8963639125711024,706938.3166956308,False,True,True
666084629,10,2,1.7604315089249856,0.8664851154458821,1333917.5624577554,False,True,True
1311133937,10,2,1.7604315089249856,0.8385339826973919,2518530.380548354,False,True,True
2580861540,10,2,1.7604315089249856,0.8123297957317296,4758142.658933226,False,True,True
5080218046,10,2,1.7604315089249856,0.7877137413160631,8994967.671687918,False,True,True
10000000000,10,2,1.7604315089249856,0.7645456900947364,17015011.277521458,False,True,True
30000000000,10,2,1.7604315089249856,0.7297287790291909,47916206.206297904,False,True,True
70000000000,10,2,1.7604315089249856,0.7049689060198956,106597067.18353596,False,True,True
100000000000,10,2,1.7604315089249856,0.6950415364497603,149296155.04054862,False,True,True
300000000000,10,2,1.7604315089249856,0.6661476106478681,421819657.47896874,False,True,True
1000000000000,10,2,1.7604315089249856,0.6371214084122804,1318900510.0498812,False,True,True
3000000000000,10,2,1.7604315089249856,0.6127580829636766,3737924150.172669,False,True,True
10000000000000,10,2,1.7604315089249856,0.5881120693036435,11725515917.652567,False,True,True
30000000000000,10,2,1.7604315089249856,0.5672915421956257,33326835136.602154,True,True,True
100000000000000,10,2,1.7604315089249856,0.5461040643533831,104858926281.6478,True,True,True
300000000000000,10,2,1.7604315089249856,0.5281061591201968,298823783449.2328,True,True,True
1000000000000000,10,2,1.7604315089249856,0.5096971267298243,942830174319.7703,True,True,True
100000,12,2,2.6406472633874785,2.7523644843410513,159.27750272339657,False,False,True
196841,12,2,2.6406472633874785,2.5994563697652975,320.1360891080549,False,False,True
387467,12,2,2.6406472633874785,2.462642159962813,638.8719238327395,False,False,True
762698,12,2,2.6406472633874785,2.3395099443775704,1267.3615869117998,False,False,True
1501310,12,2,2.6406472633874785,2.228104658626276,2501.5792281967574,False,False,True
2955209,12,2,2.6406472633874785,2.1268271128975442,4916.999525145055,False,False,True
5817091,12,2,2.6406472633874785,2.034356365386351,9630.415511715419,False,False,True
11450475,12,2,2.6406472633874785,1.9495915170679177,18805.678950293364,False,False,True
22539339,12,2,2.6406472633874785,1.871607849584134,36629.72934839775,False,False,True
44366873,12,2,2.6406472633874785,1.7996229327827813,71194.88409324954,False,False,True
87332616,12,2,2.6406472633874785,1.7329702311399915,138126.70399951976,False,False,True
171907220,12,2,2.6406472633874785,1.6710784370166296,267572.64154550224,False,False,True
338385515,12,2,2.6406472633874785,1.6134550426279843,517659.3464563367,False,False,True
666084629,12,2,2.6406472633874785,1.559673207802588,1000397.2429574017,False,False,True
1311133937,12,2,2.6406472633874785,1.5093611688553055,1931532.0011839347,False,False,True
2580861540,12,2,2.6406472633874785,1.4621936323171132,3726459.793430087,False,False,True
5080218046,12,2,2.6406472633874785,1.4178847343689136,7184740.402657291,False,False,True
10000000000,12,2,2.6406472633874785,1.3761822421705256,13845005.124878498,False,False,True
30000000000,12,2,2.6406472633874785,1.3135118022525436,40090358.38959976,False,False,True
70000000000,12,2,2.6406472633874785,1.2689440308358122,90971473.76796423,False,False,True
100000000000,12,2,2.6406472633874785,1.2510747656095687,128427408.44900551,False,False,True
300000000000,12,2,2.6406472633874785,1.1990656991661626,371342527.1110252,False,False,True
1000000000000,12,2,2.6406472633874785,1.1468185351421047,1188350752.946432,False,False,True
3000000000000,12,2,2.6406472633874785,1.102964549334618,3434217367.1832995,False,False,True
10000000000000,12,2,2.6406472633874785,1.0586017247465582,10987329744.774445,False,True,True
30000000000000,12,2,2.6406472633874785,1.0211247759521265,31753241250.72707,True,True,True
100000000000000,12,2,2.6406472633874785,0.9829873158360898,101615668845.68243,True,True,True
300000000000000,12,2,2.6406472633874785,0.9505910864163543,293780892960.37775,True,True,True
1000000000000000,12,2,2.6406472633874785,0.9174548281136838,940671124059.7173,True,True,True
100000,14,2,1.5843883580324871,1.9266551390387359,218.2261046611888,False,False,True
196841,14,2,1.5843883580324871,1.8196194588357082,418.9524676041205,False,False,True
387467,14,2,1.5843883580324871,1.723849511973969,802.45118646924,False,False,True
762698,14,2,1.5843883580324871,1.6376569610642993,1534.1317846590623,False,False,True
1501310,14,2,1.5843883580324871,1.559673261038393,2928.6102630119553,False,False,True
2955209,14,2,1.5843883580324871,1.488778979028281,5584.08731489239,False,False,True
5817091,14,2,1.5843883580324871,1.4240494557704455,10637.735777094724,False,False,True
11450475,14,2,1.5843883580324871,1.3647140619475424,20251.1326920864,False,False,True
22539339,14,2,1.5843883580324871,1.3101254947088938,38533.07329225653,False,False,True
44366873,14,2,1.5843883580324871,1.2597360529479469,73294.25426677414,False,False,True
87332616,14,2,1.5843883580324871,1.2130791617979941,139384.57709269054,False,False,True
171907220,14,2,1.5843883580324871,1.1697549059116408,265042.18287786975,False,False,True
338385515,14,2,1.5843883580324871,1.1294185298395891,503975.8159143826,False,False,True
666084629,14,2,1.5843883580324871,1.0917712454618116,958365.0710517955,False,True,True
1311133937,14,2,1.5843883580324871,1.0565528181987138,1822658.5881366183,False,True,True
2580861540,14,2,1.5843883580324871,1.0235355426219792,3467005.079652179,False,True,True
5080218046,14,2,1.5843883580324871,0.9925193140582395,6596236.010865503,False,True,True
10000000000,14,2,1.5843883580324871,0.9633275695193679,12552923.3620715,False,True,True
30000000000,14,2,1.5843883580324871,0.9194582615767806,35671918.51899854,False,True,True
70000000000,14,2,1.5843883580324871,0.8882608215850685,79870259.96540494,False,True,True
100000000000,14,2,1.5843883580324871,0.8757523359266981,112152621.52205405,False,True,True
300000000000,14,2,1.5843883580324871,0.8393459894163138,319264201.0061889,False,True,True
1000000000000,14,2,1.5843883580324871,0.8027729745994733,1005803134.0500995,False,True,True
3000000000000,14,2,1.5843883580324871,0.7720751845342326,2868682313.2699656,False,True,True
10000000000000,14,2,1.5843883580324871,0.7410212073225907,9056635207.69168,False,True,True
30000000000000,14,2,1.5843883580324871,0.7147873431664885,25880935479.326733,True,True,True
100000000000000,14,2,1.5843883580324871,0.6880911210852628,81881109839.12234,True,True,True
300000000000000,14,2,1.5843883580324871,0.665413760491448,234436773659.8652,True,True,True
1000000000000000,14,2,1.5843883580324871,0.6422183796795786,743229148465.8916,True,True,True
100000,16,1,1.3203236316937392,1.8349096562273675,199.32878128414524,False,False,True
196841,16,1,1.3203236316937392,1.7329709131768651,380.72771463296095,False,False,True
387467,16,1,1.3203236316937392,1.6417614399752085,725.9183489793667,False,False,True
762698,16,1,1.3203236316937392,1.5596732962517137,1382.1312839261127,False,False,True
1501310,16,1,1.3203236316937392,1.4854031057508505,2628.666270390094,False,False,True
2955209,16,1,1.3203236316937392,1.4178847419316962,4995.281077362575,False,False,True
5817091,16,1,1.3203236316937392,1.3562375769242339,9486.76795086193,False,False,True
11450475,16,1,1.3203236316937392,1.2997276780452784,18009.070623699616,False,False,True
22539339,16,1,1.3203236316937392,1.2477385663894227,34178.004387681154,False,False,True
44366873,16,1,1.3203236316937392,1.1997486218551876,64854.616370094016,False,False,True
87332616,16,1,1.3203236316937392,1.155313487426661,123061.09901501209,False,False,True
171907220,16,1,1.3203236316937392,1.1140522913444197,233520.54298529043,False,False,True
338385515,16,1,1.3203236316937392,1.075636695085323,443185.5630618271,False,True,True
666084629,16,1,1.3203236316937392,1.0397821385350587,841256.268015657,False,True,True
1311133937,16,1,1.3203236316937392,1.0062407792368704,1597255.238338065,False,True,True
2580861540,16,1,1.3203236316937392,0.9747957548780756,3033476.625137139,False,True,True
5080218046,16,1,1.3203236316937392,0.9452564895792757,5762897.881669441,False,True,True
10000000000,16,1,1.3203236316937392,0.9174548281136837,10951810.22861424,False,True,True
30000000000,16,1,1.3203236316937392,0.8756745348350291,31057053.644574262,False,True,True
70000000000,16,1,1.3203236316937392,0.8459626872238748,69434241.92645918,False,True,True
100000000000,16,1,1.3203236316937392,0.8340498437397125,97440464.52344646,False,True,True
300000000000,16,1,1.3203236316937392,0.7993771327774417,276902726.36841357,False,True,True
1000000000000,16,1,1.3203236316937392,0.7645456900947365,870830511.6779026,False,True,True
3000000000000,16,1,1.3203236316937392,0.735309699556412,2480094658.5766416,False,True,True
10000000000000,16,1,1.3203236316937392,0.7057344831643722,7818266294.89183,False,True,True
30000000000000,16,1,1.3203236316937392,0.6807498506347509,22314184478.449074,True,True,True
100000000000000,16,1,1.3203236316937392,0.6553248772240599,70507070969.44543,True,True,True
300000000000000,16,1,1.3203236316937392,0.6337273909442361,201653472653.85507,True,True,True
1000000000000000,16,1,1.3203236316937392,0.6116365520757893,638591313488.2234,True,True,True
100000,18,2,2.6406472633874785,4.128546726511577,40.22407668803425,False,False,False
196841,18,2,2.6406472633874785,3.899184554647946,87.27098072773366,False,False,False
387467,18,2,2.6406472633874785,3.6939632399442193,186.49098910398124,False,False,True
762698,18,2,2.6406472633874785,3.5092649165663556,393.4435320047298,False,False,True
1501310,18,2,2.6406472633874785,3.342156987939414,821.0837987681896,False,False,True
2955209,18,2,2.6406472633874785,3.190240669346317,1697.7178965218852,False,False,True
5817091,18,2,2.6406472633874785,3.0515345480795264,3482.492210172327,False,False,True
11450475,18,2,2.6406472633874785,2.9243872756018767,7094.807209471648,False,False,True
22539339,18,2,2.6406472633874785,2.807411774376201,14368.757955201352,False,False,True
44366873,18,2,2.6406472633874785,2.699434399174172,28951.137548998686,False,False,True
87332616,18,2,2.6406472633874785,2.5994553467099872,58072.15524359109,False,False,True
171907220,18,2,2.6406472633874785,2.5066176555249444,116030.35850804784,False,False,True
338385515,18,2,2.6406472633874785,2.4201825639419767,231039.77279130186,False,False,True
666084629,18,2,2.6406472633874785,2.339509811703882,458663.0474950015,False,False,True
1311133937,18,2,2.6406472633874785,2.264041753282958,908130.5679716298,False,False,True
2580861540,18,2,2.6406472633874785,2.19329044847567,1793845.8771216576,False,False,True
5080218046,18,2,2.6406472633874785,2.12682710155337,3536073.819933596,False,False,True
10000000000,18,2,2.6406472633874785,2.0642733632557886,6957591.778940429,False,False,True
30000000000,18,2,2.6406472633874785,1.9702677033788156,20788084.56508717,False,False,True
70000000000,18,2,2.6406472633874785,1.9034160462537182,48234472.710187525,False,False,True
100000000000,18,2,2.6406472633874785,1.876612148414353,68705307.13460883,False,False,True
300000000000,18,2,2.6406472633874785,1.798598548749244,203892325.99599016,False,False,True
1000000000000,18,2,2.6406472633874785,1.7202278027131572,669755309.087787,False,False,True
3000000000000,18,2,2.6406472633874785,1.654446824001927,1978436298.272711,False,False,True
10000000000000,18,2,2.6406472633874785,1.5879025871198373,6471719932.885205,False,False,True
30000000000000,18,2,2.6406472633874785,1.5316871639281897,19056960564.304176,True,False,True
100000000000000,18,2,2.6406472633874785,1.4744809737541347,62159526354.92416,True,False,True
300000000000000,18,2,2.6406472633874785,1.4258866296245314,182643960047.7257,True,False,True
1000000000000000,18,2,2.6406472633874785,1.3761822421705256,594586477558.0535,True,False,True
100000,20,2,1.7604315089249856,3.0581827603789455,78.2074253958698,False,False,False
196841,20,2,1.7604315089249856,2.888284855294775,159.88464559999525,False,False,True
387467,20,2,1.7604315089249856,2.7362690666253475,323.9573875809587,False,False,True
762698,20,2,1.7604315089249856,2.599455493752856,651.5029146914933,False,False,True
1501310,20,2,1.7604315089249856,2.475671842918084,1301.9848806564744,False,False,True
2955209,20,2,1.7604315089249856,2.363141236552827,2588.087691863501,False,False,True
5817091,20,2,1.7604315089249856,2.26039596154039,5121.368396331443,False,False,True
11450475,20,2,1.7604315089249856,2.1662127967421307,10095.325634602556,False,False,True
22539339,20,2,1.7604315089249856,2.079564277315704,19834.813515405393,False,False,True
44366873,20,2,1.7604315089249856,1.9995810364253124,38861.25549025606,False,False,True
87332616,20,2,1.7604315089249856,1.925522479044435,75955.98690277514,False,False,True
171907220,20,2,1.7604315089249856,1.8567538189073662,148153.7515954391,False,False,True
338385515,20,2,1.7604315089249856,1.7927278251422047,288466.6562402589,False,False,True
666084629,20,2,1.7604315089249856,1.7329702308917643,560814.5676094826,False,False,True
1311133937,20,2,1.7604315089249856,1.6770679653947838,1088871.2033499202,False,False,True
2580861540,20,2,1.7604315089249856,1.6246595914634592,2111772.4079743563,False,False,True
5080218046,20,2,1.7604315089249856,1.5754274826321262,4091663.176624363,False,False,True
10000000000,20,2,1.7604315089249856,1.5290913801894728,7921259.972868867,False,False,True
30000000000,20,2,1.7604315089249856,1.4594575580583817,23097514.222602457,False,False,True
70000000000,20,2,1.7604315089249856,1.4099378120397912,52672162.647658125,False,False,True
100000000000,20,2,1.7604315089249856,1.3900830728995206,74506801.35088065,False,False,True
300000000000,20,2,1.7604315089249856,1.3322952212957362,216681874.14103067,False,False,True
1000000000000,20,2,1.7604315089249856,1.2742428168245608,697451036.8333825,False,False,True
3000000000000,20,2,1.7604315089249856,1.2255161659273532,2025410374.923739,False,False,True
10000000000000,20,2,1.7604315089249856,1.176224138607287,6512056113.272968,False,False,True
30000000000000,20,2,1.7604315089249856,1.1345830843912514,18898289025.530396,True,False,True
100000000000000,20,2,1.7604315089249856,1.0922081287067662,60734494993.28054,True,True,True
300000000000000,20,2,1.7604315089249856,1.0562123182403935,176222585709.57797,True,True,True
1000000000000000,20,2,1.7604315089249856,1.0193942534596485,566336853571.6367,True,True,True
100000,22,2,1.4670262574374882,2.803334197014034,84.09033212932759,False,False,False
196841,22,2,1.4670262574374882,2.6475944506868774,169.49466273361645,False,False,True
387467,22,2,1.4670262574374882,2.5082466444065687,339.10603726271404,False,False,True
762698,22,2,1.4670262574374882,2.382834202606785,674.2369484693157,False,False,True
1501310,22,2,1.4670262574374882,2.269365856008244,1333.5897432969975,False,False,True
2955209,22,2,1.4670262574374882,2.166212800173425,2626.169024770596,False,False,True
5817091,22,2,1.4670262574374882,2.072029631412024,5152.419661830935,False,False,True
11450475,22,2,1.4670262574374882,1.9856950636802868,10077.131860753208,False,False,True
22539339,22,2,1.4670262574374882,1.9062672542060626,19656.618843999768,False,False,True
44366873,22,2,1.4670262574374882,1.83294928338987,38256.288336112164,False,False,True
87332616,22,2,1.4670262574374882,1.765062272457399,74313.50531919337,False,False,True
171907220,22,2,1.4670262574374882,1.7020243339984193,144121.76387914957,False,False,True
338385515,22,2,1.4670262574374882,1.643333839713688,279122.82882142265,False,False,True
666084629,22,2,1.4670262574374882,1.5885560449841176,539953.4547715319,False,False,True
1311133937,22,2,1.4670262574374882,1.5373123016118853,1043495.0181766946,False,False,True
2580861540,22,2,1.4670262574374882,1.4892712921748377,2014949.9193238914,False,False,True
5080218046,22,2,1.4670262574374882,1.4441418590794493,3888080.5299031283,False,False,True
10000000000,22,2,1.4670262574374882,1.401667098507017,7498125.121905653,False,False,True
30000000000,22,2,1.4670262574374882,1.3378360948868502,21737196.308019042,False,False,True
70000000000,22,2,1.4670262574374882,1.2924429943698088,49365922.28486082,False,False,True
100000000000,22,2,1.4670262574374882,1.2742428168245608,69714554.60295187,False,False,True
300000000000,22,2,1.4670262574374882,1.2212706195210916,201770982.67390743,False,False,True
1000000000000,22,2,1.4670262574374882,1.1680559154225143,646321887.6319042,False,False,True
3000000000000,22,2,1.4670262574374882,1.1233898187667408,1869324479.4676483,False,False,True
10000000000000,22,2,1.4670262574374882,1.078205460390013,5985574755.053711,False,True,True
30000000000000,22,2,1.4670262574374882,1.0400344940253141,17310243286.867897,True,True,True
100000000000000,22,2,1.4670262574374882,1.0011907846478694,55434803052.95598,True,True,True
300000000000000,22,2,1.4670262574374882,0.9681946250536942,160363646008.7906,True,True,True
1000000000000000,22,2,1.4670262574374882,0.9344447323380114,513791228726.87756,True,True,True
100000,24,2,2.6406472633874785,5.504728968682103,10.158222710301152,False,False,False
196841,24,2,2.6406472633874785,5.198912739530595,23.790582618786765,False,False,False
387467,24,2,2.6406472633874785,4.925284319925626,54.437967485462,False,False,False
762698,24,2,2.6406472633874785,4.679019888755141,122.14179005815943,False,False,False
1501310,24,2,2.6406472633874785,4.456209317252552,269.50120028202224,False,False,False
2955209,24,2,2.6406472633874785,4.2536542257950885,586.1798524549723,False,False,False
5817091,24,2,2.6406472633874785,4.068712730772702,1259.317625408531,False,False,False
11450475,24,2,2.6406472633874785,3.8991830341358353,2676.6536572605723,False,False,True
22539339,24,2,2.6406472633874785,3.743215699168268,5636.438184171108,False,False,True
44366873,24,2,2.6406472633874785,3.5992458655655626,11772.873515507476,False,False,True
87332616,24,2,2.6406472633874785,3.465940462279983,24415.084968996794,False,False,True
171907220,24,2,2.6406472633874785,3.3421568740332592,50315.47327762448,False,False,True
338385515,24,2,2.6406472633874785,3.2269100852559687,103116.80253987035,False,False,True
666084629,24,2,2.6406472633874785,3.119346415605176,210288.25560883715,False,False,True
1311133937,24,2,2.6406472633874785,3.018722337710611,426967.36475449183,False,False,True
2580861540,24,2,2.6406472633874785,2.9243872646342264,863522.80964889,False,False,True
5080218046,24,2,2.6406472633874785,2.835769468737827,1740329.8322922299,False,False,True
10000000000,24,2,2.6406472633874785,2.7523644843410513,3496429.4289348833,False,False,True
30000000000,24,2,2.6406472633874785,2.627023604505087,10779261.579196122,False,False,True
70000000000,24,2,2.6406472633874785,2.5378880616716244,25574658.31062669,False,False,True
100000000000,24,2,2.6406472633874785,2.5021495312191373,36755543.738432296,False,False,True
300000000000,24,2,2.6406472633874785,2.398131398332325,111950766.65061252,False,False,True
1000000000000,24,2,2.6406472633874785,2.2936370702842095,377474557.0186868,False,False,True
3000000000000,24,2,2.6406472633874785,2.205929098669236,1139767745.5499594,False,False,True
10000000000000,24,2,2.6406472633874785,2.1172034494931165,3811950661.5902963,False,False,True
30000000000000,24,2,2.6406472633874785,2.042249551904253,11437186619.212578,True,False,True
100000000000000,24,2,2.6406472633874785,1.9659746316721796,38023729613.35559,True,False,True
300000000000000,24,2,2.6406472633874785,1.9011821728327085,113549985520.72046,True,False,True
1000000000000000,24,2,2.6406472633874785,1.8349096562273677,375830691782.18964,True,False,True
100000,26,2,1.4403530527568063,3.2527943905848784,52.67190867905728,False,False,False
196841,26,2,1.4403530527568063,3.072084800631715,108.85121496151548,False,False,True
387467,26,2,1.4403530527568063,2.910395279956051,222.69766261426602,False,False,True
762698,26,2,1.4403530527568063,2.7648753888098554,451.7781676622747,False,False,True
1501310,26,2,1.4403530527568063,2.6332145965583256,909.988317211784,False,False,True
2955209,26,2,1.4403530527568063,2.5135229516061885,1821.8762006524544,False,False,True
5817091,26,2,1.4403530527568063,2.4042393409111416,3628.820242616371,False,False,True
11450475,26,2,1.4403530527568063,2.304062701989357,7196.191354729708,False,False,True
22539339,26,2,1.4403530527568063,2.211900185872158,14216.909245436016,False,False,True
44366873,26,2,1.4403530527568063,2.12682710237965,27996.54164998364,False,False,True
87332616,26,2,1.4403530527568063,2.048055727710899,54978.93482591289,False,False,True
171907220,26,2,1.4403530527568063,1.974910880110562,107707.889941227,False,False,True
338385515,26,2,1.4403530527568063,1.9068105049239814,210571.6821081177,False,False,True
666084629,26,2,1.4403530527568063,1.8432501546757856,410936.90735037014,False,False,True
1311133937,26,2,1.4403530527568063,1.7837904722835425,800713.8505799859,False,False,True
2580861540,26,2,1.4403530527568063,1.7280470200111335,1558103.6528303833,False,False,True
5080218046,26,2,1.4403530527568063,1.6756819587996248,3028375.5705164694,False,False,True
10000000000,26,2,1.4403530527568063,1.6263971952924392,5880100.008955071,False,False,True
30000000000,26,2,1.4403530527568063,1.552332129934824,17221863.924585335,False,False,True
70000000000,26,2,1.4403530527568063,1.4996611273514142,39397134.380917504,False,False,True
100000000000,26,2,1.4403530527568063,1.4785429048113083,55799219.79633648,False,False,True
300000000000,26,2,1.4403530527568063,1.4170776444691011,162874040.02102873,False,False,True
1000000000000,26,2,1.4403530527568063,1.3553309960770328,526195827.1570732,False,False,True
3000000000000,26,2,1.4403530527568063,1.3035035583045484,1532827771.8843718,False,False,True
10000000000000,26,2,1.4403530527568063,1.2510747656095687,4943798303.481283,False,False,True
30000000000000,26,2,1.4403530527568063,1.2067838261252402,14385200758.724813,True,False,True
100000000000000,26,2,1.4403530527568063,1.1617122823517423,46355362174.45363,True,False,True
300000000000000,26,2,1.4403530527568063,1.1234258294011457,134809636174.62434,True,False,True
1000000000000000,26,2,1.4403530527568063,1.0842647968616261,434261900715.1765,True,True,True
100000,28,2,1.5843883580324871,3.8533102780774717,31.78125223579897,False,False,False
196841,28,2,1.5843883580324871,3.6392389176714164,67.9069246330925,False,False,False
387467,28,2,1.5843883580324871,3.447699023947938,143.139762679819,False,False,True
762698,28,2,1.5843883580324871,3.2753139221285985,298.2890331475674,False,False,True
1501310,28,2,1.5843883580324871,3.119346522076786,615.6077649323862,False,False,True
2955209,28,2,1.5843883580324871,2.977557958056562,1260.0381810572542,False,False,True
5817091,28,2,1.5843883580324871,2.848098911540891,2560.89857456457,False,False,True
11450475,28,2,1.5843883580324871,2.729428123895085,5173.226967410431,False,False,True
22539339,28,2,1.5843883580324871,2.6202509894177877,10395.6913222718,False,False,True
44366873,28,2,1.5843883580324871,2.5194721058958938,20795.698581070203,False,False,True
87332616,28,2,1.5843883580324871,2.4261583235959883,41436.31592692779,False,False,True
171907220,28,2,1.5843883580324871,2.3395098118232815,82280.49559805154,False,False,True
338385515,28,2,1.5843883580324871,2.2588370596791782,162895.6403942492,False,False,True
666084629,28,2,1.5843883580324871,2.183542490923623,321647.9216058662,False,False,True
1311133937,28,2,1.5843883580324871,2.1131056363974277,633651.2084860755,False,False,True
2580861540,28,2,1.5843883580324871,2.0470710852439584,1245772.2132209304,False,False,True
5080218046,28,2,1.5843883580324871,1.985038628116479,2444840.4640152026,False,False,True
10000000000,28,2,1.5843883580324871,1.9266551390387359,4790457.920628386,False,False,True
30000000000,28,2,1.5843883580324871,1.8389165231535611,14223642.168512935,False,False,True
70000000000,28,2,1.5843883580324871,1.776521643170137,32856274.990802307,False,False,True
100000000000,28,2,1.5843883580324871,1.7515046718533962,46717008.21180936,False,False,True
300000000000,28,2,1.5843883580324871,1.6786919788326276,137919886.90448847,False,False,True
1000000000000,28,2,1.5843883580324871,1.6055459491989466,450685007.90060836,False,False,True
3000000000000,28,2,1.5843883580324871,1.5441503690684653,1325483920.144672,False,False,True
10000000000000,28,2,1.5843883580324871,1.4820424146451814,4316636253.237154,False,False,True
30000000000000,28,2,1.5843883580324871,1.429574686332977,12663442163.589634,True,False,True
100000000000000,28,2,1.5843883580324871,1.3761822421705256,41148076980.01453,True,False,True
300000000000000,28,2,1.5843883580324871,1.330827520982896,120514752053.8338,True,False,True
1000000000000000,28,2,1.5843883580324871,1.2844367593591572,391030681911.5654,True,False,True
100000,30,3,3.520863017849971,9.174548281136838,0.3451232279563293,False,False,False
196841,30,3,3.520863017849971,8.664854565884324,0.9910701700767284,False,False,False
387467,30,3,3.520863017849971,8.208807199876043,2.7216029719364974,False,False,False
762698,30,3,3.520863017849971,7.798366481258568,7.195947810029231,False,False,False
1501310,30,3,3.520863017849971,7.427015528754253,18.42021503999498,False,False,False
2955209,30,3,3.520863017849971,7.089423709658481,45.8575222098148,False,False,False
5817091,30,3,3.520863017849971,6.78118788462117,111.4451124540958,False,False,False
11450475,30,3,3.520863017849971,6.498638390226392,265.217269327901,False,False,False
22539339,30,3,3.520863017849971,6.238692831947113,619.6857886263407,False,False,False
44366873,30,3,3.520863017849971,5.998743109275938,1424.730765205783,False,False,False
87332616,30,3,3.520863017849971,5.776567437133306,3229.2705483401955,False,False,False
171907220,30,3,3.520863017849971,5.570261456722099,7227.477916324225,False,False,False
338385515,30,3,3.520863017849971,5.3781834754266145,15994.917783551888,False,False,False
666084629,30,3,3.520863017849971,5.198910692675294,35043.74123025617,False,False,False
1311133937,30,3,3.520863017849971,5.031203896184351,76089.3338312369,False,False,False
2580861540,30,3,3.520863017849971,4.873978774390378,163876.136180919,False,False,False
5080218046,30,3,3.520863017849971,4.726282447896379,350373.2540301881,False,False,False
10000000000,30,3,3.520863017849971,4.587274140568419,744170.3545703103,False,False,False
30000000000,30,3,3.520863017849971,4.378372674175146,2494172.6394369383,False,False,False
70000000000,30,3,3.520863017849971,4.2298134361193735,6279928.841623069,False,False,False
100000000000,30,3,3.520863017849971,4.1702492186985625,9243045.669750025,False,False,False
300000000000,30,3,3.520863017849971,3.9968856638872086,30174192.258848865,False,False,True
1000000000000,30,3,3.520863017849971,3.8227284504736825,109081341.91877131,False,False,True
3000000000000,30,3,3.520863017849971,3.6765484977820604,349199175.2018019,False,False,True
10000000000000,30,3,3.520863017849971,3.5286724158218608,1239061389.3426046,False,False,True
30000000000000,30,3,3.520863017849971,3.4037492531737548,3908104219.210287,True,False,True
100000000000000,30,3,3.520863017849971,3.2766243861202993,13670534447.39957,True,False,True
300000000000000,30,3,3.520863017849971,3.1686369547211806,42626257285.39812,True,False,True
1000000000000000,30,3,3.520863017849971,3.058182760378946,147458638936.51193,True,False,True
100000,32,1,1.3203236316937392,3.669819312454735,31.81843925192793,False,False,False
196841,32,1,1.3203236316937392,3.4659418263537303,67.2968578398625,False,False,False
387467,32,1,1.3203236316937392,3.283522879950417,140.56585552480203,False,False,True
762698,32,1,1.3203236316937392,3.1193465925034274,290.53053980099713,False,False,True
1501310,32,1,1.3203236316937392,2.970806211501701,595.1591026822143,False,False,True
2955209,32,1,1.3203236316937392,2.8357694838633924,1209.986182751586,False,False,True
5817091,32,1,1.3203236316937392,2.7124751538484677,2444.0595418975786,False,False,True
11450475,32,1,1.3203236316937392,2.599455356090557,4909.381058177777,False,False,True
22539339,32,1,1.3203236316937392,2.4954771327788454,9814.331586753467,False,False,True
44366873,32,1,1.3203236316937392,2.399497243710375,19538.746062911476,False,False,True
87332616,32,1,1.3203236316937392,2.310626974853322,38759.1743257622,False,False,True
171907220,32,1,1.3203236316937392,2.2281045826888395,76647.55912732231,False,False,True
338385515,32,1,1.3203236316937392,2.151273390170646,151161.9631302261,False,False,True
666084629,32,1,1.3203236316937392,2.0795642770701175,297410.7539422648,False,False,True
1311133937,32,1,1.3203236316937392,2.0124815584737408,583941.7179622944,False,False,True
2580861540,32,1,1.3203236316937392,1.9495915097561511,1144437.9097056019,False,False,True
5080218046,32,1,1.3203236316937392,1.8905129791585513,2239346.233158578,False,False,True
10000000000,32,1,1.3203236316937392,1.8349096562273675,4375627.474056545,False,False,True
30000000000,32,1,1.3203236316937392,1.7513490696700582,12937776.182829725,False,False,True
70000000000,32,1,1.3203236316937392,1.6919253744477496,29797290.24866677,False,False,True
100000000000,32,1,1.3203236316937392,1.668099687479425,42317119.79615754,False,False,True
300000000000,32,1,1.3203236316937392,1.5987542655548834,124497936.7391056,False,False,True
1000000000000,32,1,1.3203236316937392,1.529091380189473,405411125.6699627,False,False,True
3000000000000,32,1,1.3203236316937392,1.470619399112824,1188850684.013008,False,False,True
10000000000000,32,1,1.3203236316937392,1.4114689663287443,3860236092.216513,False,False,True
30000000000000,32,1,1.3203236316937392,1.3614997012695018,11296271334.7272,True,False,True
100000000000000,32,1,1.3203236316937392,1.3106497544481197,36612441890.50948,True,False,True
300000000000000,32,1,1.3203236316937392,1.2674547818884723,106999413316.26134,True,False,True
1000000000000000,32,1,1.3203236316937392,1.2232731041515785,346411760131.1885,True,False,True
100000,34,2,1.4083452071399885,4.159128554115366,20.80670419630216,False,False,False
196841,34,2,1.4083452071399885,3.928067403200894,45.2194132355712,False,False,False
387467,34,2,1.4083452071399885,3.7213259306104725,96.77721380840818,False,False,False
762698,34,2,1.4083452071399885,3.535259471503884,204.45222739175242,False,False,True
1501310,34,2,1.4083452071399885,3.3669137063685945,427.2032073832308,False,False,True
2955209,34,2,1.4083452071399885,3.2138720817118447,884.3033347187884,False,False,True
5817091,34,2,1.4083452071399885,3.07413850769493,1815.8171209442883,False,False,True
11450475,34,2,1.4083452071399885,2.946049403569298,3702.8113302551837,False,False,True
22539339,34,2,1.4083452071399885,2.8282074171493576,7505.619157225128,False,False,True
44366873,34,2,1.4083452071399885,2.719430209538425,15134.925605025797,False,False,True
87332616,34,2,1.4083452071399885,2.6187105715004315,30381.151785160222,False,False,True
171907220,34,2,1.4083452071399885,2.5251851937140177,60744.446993648,False,False,True
338385515,34,2,1.4083452071399885,2.4381098421933984,121031.87426845313,False,False,True
666084629,34,2,1.4083452071399885,2.3568395140127993,240417.6158990923,False,False,True
1311133937,34,2,1.4083452071399885,2.280812432936906,476281.38594335114,False,False,True
2580861540,34,2,1.4083452071399885,2.2095370443903044,941299.9763258066,False,False,True
5080218046,34,2,1.4083452071399885,2.1425813763796913,1856427.7693563667,False,False,True
10000000000,34,2,1.4083452071399885,2.079564277057683,3654406.9851539587,False,False,True
30000000000,34,2,1.4083452071399885,1.9848622789593993,10926343.738869743,False,False,True
70000000000,34,2,1.4083452071399885,1.917515424374116,25364889.87344014,False,False,True
100000000000,34,2,1.4083452071399885,1.8905129791433481,36136988.64420446,False,False,True
300000000000,34,2,1.4083452071399885,1.8119215009622012,107303409.99285732,False,False,True
1000000000000,34,2,1.4083452071399885,1.7329702308814026,352680076.72670656,False,False,True
3000000000000,34,2,1.4083452071399885,1.6667019856612004,1042313709.9822042,False,False,True
10000000000000,34,2,1.4083452071399885,1.59966482850591,3411223430.9448276,False,False,True
30000000000000,34,2,1.4083452071399885,1.543032994772102,10049048249.948347,True,False,True
100000000000000,34,2,1.4083452071399885,1.485403055041202,32791631496.924065,True,False,True
300000000000000,34,2,1.4083452071399885,1.4364487528069352,96386668804.17604,True,False,True
1000000000000000,34,2,1.4083452071399885,1.3863761847051221,313896579267.816,True,False,True
100000,36,2,2.6406472633874785,8.257093453023154,0.6478597847636917,False,False,False
196841,36,2,2.6406472633874785,7.798369109295892,1.7679725610388173,False,False,False
387467,36,2,2.6406472633874785,7.3879264798884385,4.638632867397816,False,False,False
762698,36,2,2.6406472633874785,7.018529833132711,11.771397391776667,False,False,False
1501310,36,2,2.6406472633874785,6.684313975878828,29.034018245269017,False,False,False
2955209,36,2,2.6406472633874785,6.380481338692634,69.88140179126745,False,False,False
5817091,36,2,2.6406472633874785,6.103069096159053,164.67419082129464,False,False,False
11450475,36,2,2.6406472633874785,5.8487745512037534,380.97400364343827,False,False,False
22539339,36,2,2.6406472633874785,5.614823548752402,867.3128622330851,False,False,False
44366873,36,2,2.6406472633874785,5.398868798348344,1946.7768306301518,False,False,False
87332616,36,2,2.6406472633874785,5.1989106934199745,4315.57661757719,False,False,False
171907220,36,2,2.6406472633874785,5.013235311049889,9461.531031455701,False,False,False
338385515,36,2,2.6406472633874785,4.8403651278839535,20540.679964219446,False,False,False
666084629,36,2,2.6406472633874785,4.679019623407764,44203.59088183794,False,False,False
1311133937,36,2,2.6406472633874785,4.528083506565916,94381.6258046223,False,False,False
2580861540,36,2,2.6406472633874785,4.38658089695134,200101.88868763982,False,False,False
5080218046,36,2,2.6406472633874785,4.25365420310674,421552.86836057616,False,False,False
10000000000,36,2,2.6406472633874785,4.128546726511577,882991.2767279819,False,False,False
30000000000,36,2,2.6406472633874785,3.9405354067576313,2898264.9410007824,False,False,True
70000000000,36,2,2.6406472633874785,3.8068320925074364,7189760.928503683,False,False,True
100000000000,36,2,2.6406472633874785,3.753224296828706,10519327.702888573,False,False,True
300000000000,36,2,2.6406472633874785,3.597197097498488,33750441.27362429,False,False,True
1000000000000,36,2,2.6406472633874785,3.4404556054263145,119903185.85919784,False,False,True
3000000000000,36,2,2.6406472633874785,3.308893648003854,378272652.8057593,False,False,True
10000000000000,36,2,2.6406472633874785,3.1758051742396747,1322520410.6857357,False,False,True
30000000000000,36,2,2.6406472633874785,3.0633743278563794,4119555440.964631,True,False,True
100000000000000,36,2,2.6406472633874785,2.9489619475082693,14228160185.662216,True,False,True
300000000000000,36,2,2.6406472633874785,2.8517732592490628,43888488055.94306,True,False,True
1000000000000000,36,2,2.6406472633874785,2.7523644843410513,150157377294.50305,True,False,True
100000,38,2,1.3979897276757238,4.614258106101174,13.102009201682764,False,False,False
196841,38,2,1.3979897276757238,4.35791214931241,29.203881764639924,False,False,False
387467,38,2,1.3979897276757238,4.1285471505258915,63.9313751516452,False,False,False
762698,38,2,1.3979897276757238,3.9221196126329856,137.84006901096726,False,False,True
1501310,38,2,1.3979897276757238,3.7353519276969918,293.3720113278622,False,False,True
2955209,38,2,1.3979897276757238,3.5655631010341184,617.5308433386188,False,False,True
5817091,38,2,1.3979897276757238,3.4105386125594706,1287.5682458289973,False,False,True
11450475,38,2,1.3979897276757238,3.268432837437391,2662.668482793888,False,False,True
22539339,38,2,1.3979897276757238,3.137695512538107,5467.293795619974,False,False,True
44366873,38,2,1.3979897276757238,3.017014916724074,11156.699980490626,False,False,True
87332616,38,2,1.3979897276757238,2.905273622793515,22643.645268579327,False,False,True
171907220,38,2,1.3979897276757238,2.8015138502925847,45739.7126649644,False,False,True
338385515,38,2,1.3979897276757238,2.7049099244057384,92007.83579464571,False,False,True
666084629,38,2,1.3979897276757238,2.6147462601396327,184396.9229207291,False,False,True
1311133937,38,2,1.3979897276757238,2.5303996066103647,368352.9366499633,False,False,True
2580861540,38,2,1.3979897276757238,2.451324618884572,733695.5727874414,False,False,True
5080218046,38,2,1.3979897276757238,2.3770420546772963,1457632.146072549,False,False,True
10000000000,38,2,1.3979897276757238,2.307129053050587,2889226.875432207,False,False,True
30000000000,38,2,1.3979897276757238,2.202063903776323,8728512.780399684,False,False,True
70000000000,38,2,1.3979897276757238,2.127347345812979,20412631.503917344,False,False,True
100000000000,38,2,1.3979897276757238,2.097390048227806,29167637.229413003,False,False,True
300000000000,38,2,1.3979897276757238,2.0101983780138606,87357023.9379308,False,False,True
1000000000000,38,2,1.3979897276757238,1.9226075442088226,289612530.2887173,False,False,True
3000000000000,38,2,1.3979897276757238,1.849087626825683,862152779.8658152,False,False,True
10000000000000,38,2,1.3979897276757238,1.7747146561927591,2842378123.962531,False,False,True
30000000000000,38,2,1.3979897276757238,1.7118856538020941,8425351211.507108,True,False,True
100000000000000,38,2,1.3979897276757238,1.6479493236075622,27667182670.18544,True,False,True
300000000000000,38,2,1.3979897276757238,1.5936379978156525,81760852178.99976,True,False,True
1000000000000000,38,2,1.3979897276757238,1.538086035367058,267728553810.5757,True,False,True
100000,40,2,1.7604315089249856,6.116365520757891,3.6736357401609947,False,False,False
196841,40,2,1.7604315089249856,5.77656971058955,8.901036538163535,False,False,False
387467,40,2,1.7604315089249856,5.472538133250695,20.996230480983023,False,False,False
762698,40,2,1.7604315089249856,5.198910987505712,48.41580822521666,False,False,False
1501310,40,2,1.7604315089249856,4.951343685836168,109.50534571543638,False,False,False
2955209,40,2,1.7604315089249856,4.726282473105654,243.60140476871115,False,False,False
5817091,40,2,1.7604315089249856,4.52079192308078,534.2057079665146,False,False,False
11450475,40,2,1.7604315089249856,4.3324255934842615,1157.033858144447,False,False,False
22539339,40,2,1.7604315089249856,4.159128554631408,2479.0474032932893,False,False,False
44366873,40,2,1.7604315089249856,3.9991620728506247,5261.502935069503,False,False,True
87332616,40,2,1.7604315089249856,3.85104495808887,11074.349449860374,False,False,True
171907220,40,2,1.7604315089249856,3.7135076378147325,23138.47410566026,False,False,True
338385515,40,2,1.7604315089249856,3.5854556502844095,48031.24217558331,False,False,True
666084629,40,2,1.7604315089249856,3.4659404617835285,99128.80657373196,False,False,True
1311133937,40,2,1.7604315089249856,3.3541359307895675,203533.14778054302,False,False,True
2580861540,40,2,1.7604315089249856,3.2493191829269183,415974.2195811616,False,False,True
5080218046,40,2,1.7604315089249856,3.1508549652642523,846643.1779650075,False,False,True
10000000000,40,2,1.7604315089249856,3.0581827603789455,1716794.5192499647,False,False,True
30000000000,40,2,1.7604315089249856,2.9189151161167635,5366991.150217253,False,False,True
70000000000,40,2,1.7604315089249856,2.8198756240795824,12860354.453934962,False,False,True
100000000000,40,2,1.7604315089249856,2.780166145799041,18556262.657027453,False,False,True
300000000000,40,2,1.7604315089249856,2.6645904425914724,57176046.24901565,False,False,True
1000000000000,40,2,1.7604315089249856,2.5484856336491215,195037041.3798668,False,False,True
3000000000000,40,2,1.7604315089249856,2.4510323318547065,594672864.8461028,False,False,True
10000000000000,40,2,1.7604315089249856,2.352448277214574,2008586231.057682,False,False,True
30000000000000,40,2,1.7604315089249856,2.269166168782503,6076861158.383119,True,False,True
100000000000000,40,2,1.7604315089249856,2.1844162574135324,20374898845.774166,True,False,True
300000000000000,40,2,1.7604315089249856,2.112424636480787,61285027853.27993,True,False,True
1000000000000000,40,2,1.7604315089249856,2.038788506919297,204341945776.26523,True,False,True
100000,42,3,3.1687767160649742,11.559930834232416,0.0285929009071842,False,False,False
196841,42,3,3.1687767160649742,10.91771675301425,0.09374352880408292,False,False,False
387467,42,3,3.1687767160649742,10.343097071843815,0.2898390955295917,False,False,False
762698,42,3,3.1687767160649742,9.825941766385796,0.8526401049380801,False,False,False
1501310,42,3,3.1687767160649742,9.35803956623036,2.4038320509332882,False,False,False
2955209,42,3,3.1687767160649742,8.932673874169687,6.533407087185894,False,False,False
5817091,42,3,3.1687767160649742,8.544296734622675,17.2026396325448,False,False,False
11450475,42,3,3.1687767160649742,8.188284371685256,44.05958301064599,False,False,False
22539339,42,3,3.1687767160649742,7.860752968253364,110.1443639698063,False,False,False
44366873,42,3,3.1687767160649742,7.558416317687683,269.53666089007555,False,False,False
87332616,42,3,3.1687767160649742,7.278474970787966,647.2570462222416,False,False,False
171907220,42,3,3.1687767160649742,7.018529435469845,1528.4614557550842,False,False,False
338385515,42,3,3.1687767160649742,6.776511179037535,3555.8097460518497,False,False,False
666084629,42,3,3.1687767160649742,6.550627472770871,8162.248927667925,False,False,False
1311133937,42,3,3.1687767160649742,6.339316909192283,18512.285013359604,False,False,False
2580861540,42,3,3.1687767160649742,6.141213255731876,41534.14575787338,False,False,False
5080218046,42,3,3.1687767160649742,5.955115884349437,92277.93672624198,False,False,False
10000000000,42,3,3.1687767160649742,5.779965417116208,203205.5823687704,False,False,False
30000000000,42,3,3.1687767160649742,5.516749569460684,719081.6665633328,False,False,False
70000000000,42,3,3.1687767160649742,5.329564929510412,1881833.637145895,False,False,False
100000000000,42,3,3.1687767160649742,5.254514015560189,2812984.830242682,False,False,False
300000000000,42,3,3.1687767160649742,5.036075936497883,9606464.044014277,False,False,False
1000000000000,42,3,3.1687767160649742,4.816637847596841,36336543.66002214,False,False,False
3000000000000,42,3,3.1687767160649742,4.632451107205396,120829364.17937753,False,False,False
10000000000000,42,3,3.1687767160649742,4.446127243935545,445543143.0665476,False,False,False
30000000000000,42,3,3.1687767160649742,4.288724058998931,1451673574.9848824,True,False,False
100000000000000,42,3,3.1687767160649742,4.128546726511577,5248592210.658812,True,False,False
300000000000000,42,3,3.1687767160649742,3.9924825629486884,16831704957.145346,True,False,True
1000000000000000,42,3,3.1687767160649742,3.8533102780774726,59922957119.06128,True,False,True
100000,44,2,1.4670262574374882,5.606668394028068,5.096517210325497,False,False,False
196841,44,2,1.4670262574374882,5.295188901373755,12.003844666393984,False,False,False
387467,44,2,1.4670262574374882,5.0164932888131375,27.60691288886205,False,False,False
762698,44,2,1.4670262574374882,4.76566840521357,62.2244122169097,False,False,False
1501310,44,2,1.4670262574374882,4.538731712016488,137.86346128788196,False,False,False
2955209,44,2,1.4670262574374882,4.33242560034685,300.9874647360172,False,False,False
5817091,44,2,1.4670262574374882,4.144059262824048,648.8438515085473,False,False,False
11450475,44,2,1.4670262574374882,3.9713901273605736,1383.4406499613017,False,False,True
22539339,44,2,1.4670262574374882,3.812534508412125,2921.6451473038614,False,False,True
44366873,44,2,1.4670262574374882,3.66589856677974,6118.755121504477,False,False,True
87332616,44,2,1.4670262574374882,3.530124544914798,12720.697994235295,False,False,True
171907220,44,2,1.4670262574374882,3.4040486679968387,26275.427602965738,False,False,True
338385515,44,2,1.4670262574374882,3.286667679427376,53964.05041981588,False,False,True
666084629,44,2,1.4670262574374882,3.1771120899682352,110269.44779360233,False,False,True
1311133937,44,2,1.4670262574374882,3.0746246032237705,224307.67325927955,False,False,True
2580861540,44,2,1.4670262574374882,2.9785425843496753,454445.65156996594,False,False,True
5080218046,44,2,1.4670262574374882,2.8882837181588985,917386.6395854624,False,False,True
10000000000,44,2,1.4670262574374882,2.803334197014034,1845934.9683331077,False,False,True
30000000000,44,2,1.4670262574374882,2.6756721897737004,5704120.530814896,False,False,True
70000000000,44,2,1.4670262574374882,2.5848859887396176,13555838.762441134,False,False,True
100000000000,44,2,1.4670262574374882,2.5484856336491215,19495161.312840868,False,False,True
300000000000,44,2,1.4670262574374882,2.4425412390421832,59493239.57816878,False,False,True
1000000000000,44,2,1.4670262574374882,2.3361118308450286,200987304.0891833,False,False,True
3000000000000,44,2,1.4670262574374882,2.2467796375334816,607858779.7822328,False,False,True
10000000000000,44,2,1.4670262574374882,2.156410920780026,2036325394.9069343,False,False,True
30000000000000,44,2,1.4670262574374882,2.0800689880506282,6118175491.448863,True,False,True
100000000000000,44,2,1.4670262574374882,2.0023815692957387,20369054763.797474,True,False,True
300000000000000,44,2,1.4670262574374882,1.9363892501073885,60900988058.40537,True,False,True
1000000000000000,44,2,1.4670262574374882,1.8688894646760228,201819206804.43954,True,False,True
100000,46,2,1.3831961855839174,5.526573131256239,5.206001888155383,False,False,False
196841,46,2,1.3831961855839174,5.219543345639845,12.20727448192336,False,False,False
387467,46,2,1.3831961855839174,4.94482909897295,27.96321504802359,False,False,False
762698,46,2,1.3831961855839174,4.6975874279962335,62.80206024035992,False,False,False
1501310,46,2,1.3831961855839174,4.47389268755911,138.69292391779825,False,False,False
2955209,46,2,1.3831961855839174,4.270533806056181,301.9072686443781,False,False,False
5817091,46,2,1.3831961855839174,4.084858416212277,649.0777023082655,False,False,False
11450475,46,2,1.3831961855839174,3.914655982683994,1380.529699176526,False,False,True
22539339,46,2,1.3831961855839174,3.7580697297205234,2908.888771836131,False,False,True
44366873,46,2,1.3831961855839174,3.6135285872543155,6079.291404155168,False,False,True
87332616,46,2,1.3831961855839174,3.4796941942731583,12614.163636735817,False,False,True
171907220,46,2,1.3831961855839174,3.3554194013111696,26008.488289941823,False,False,True
338385515,46,2,1.3831961855839174,3.239715284006985,53326.31836703794,False,False,True
666084629,46,2,1.3831961855839174,3.1317247743972607,108795.90670742621,False,False,True
1311133937,46,2,1.3831961855839174,3.030701394606288,220986.4437946481,False,False,True
2580861540,46,2,1.3831961855839174,2.935991976001823,447102.7510364538,False,False,True
5080218046,46,2,1.3831961855839174,2.8470225221852,901400.5448101488,False,False,True
10000000000,46,2,1.3831961855839174,2.7632865656281194,1811568.4887624416,False,False,True
30000000000,46,2,1.3831961855839174,2.637448301348362,5587724.858262396,False,False,True
70000000000,46,2,1.3831961855839174,2.5479590460433377,13262013.251618465,False,False,True
100000000000,46,2,1.3831961855839174,2.5120786960255628,19062684.529865485,False,False,True
300000000000,46,2,1.3831961855839174,2.407647792770152,58085474.9539815,False,False,True
1000000000000,46,2,1.3831961855839174,2.3027388046900996,195933294.76269364,False,False,True
3000000000000,46,2,1.3831961855839174,2.2146827855687174,591817870.7763021,False,False,True
10000000000000,46,2,1.3831961855839174,2.125605050483169,1980030555.926426,False,False,True
30000000000000,46,2,1.3831961855839174,2.050353716792762,5942552179.82044,True,False,True
100000000000000,46,2,1.3831961855839174,1.9737761183057996,19762412536.21582,True,False,True
300000000000000,46,2,1.3831961855839174,1.9087265465344259,59031523770.36092,True,False,True
1000000000000000,46,2,1.3831961855839174,1.8421910437520796,195435460913.23563,True,False,True
100000,48,2,2.6406472633874785,11.009457937364205,0.041318477915278366,False,False,False
196841,48,2,2.6406472633874785,10.39782547906119,0.1313850537698835,False,False,False
387467,48,2,2.6406472633874785,9.850568639851252,0.3952556620386221,False,False,False
762698,48,2,2.6406472633874785,9.358039777510282,1.1344667250180838,False,False,False
1501310,48,2,2.6406472633874785,8.912418634505103,3.1279052359858732,False,False,False
2955209,48,2,2.6406472633874785,8.507308451590177,8.330907819264715,False,False,False
5817091,48,2,2.6406472633874785,8.137425461545403,21.533557996419727,False,False,False
11450475,48,2,2.6406472633874785,7.798366068271671,54.22486807675212,False,False,False
22539339,48,2,2.6406472633874785,7.486431398336536,133.4586801834268,False,False,False
44366873,48,2,2.6406472633874785,7.198491731131125,321.92140884603845,False,False,False
87332616,48,2,2.6406472633874785,6.931880924559966,762.815348209056,False,False,False
171907220,48,2,2.6406472633874785,6.6843137480665185,1779.1856784344195,False,False,False
338385515,48,2,2.6406472633874785,6.453820170511937,4091.6661785488386,False,False,False
666084629,48,2,2.6406472633874785,6.238692831210352,9291.804914124714,False,False,False
1311133937,48,2,2.6406472633874785,6.037444675421222,20863.166660631814,False,False,False
2580861540,48,2,2.6406472633874785,5.848774529268453,46369.08881728475,False,False,False
5080218046,48,2,2.6406472633874785,5.671538937475654,102111.00075723419,False,False,False
10000000000,48,2,2.6406472633874785,5.504728968682103,222991.37180504264,False,False,False
30000000000,48,2,2.6406472633874785,5.254047209010174,779268.561813741,False,False,False
70000000000,48,2,2.6406472633874785,5.075776123343249,2021245.468118687,False,False,False
100000000000,48,2,2.6406472633874785,5.004299062438275,3010600.417401925,False,False,False
300000000000,48,2,2.6406472633874785,4.79626279666465,10174939.576067034,False,False,False
1000000000000,48,2,2.6406472633874785,4.587274140568419,38086736.47499276,False,False,False
3000000000000,48,2,2.6406472633874785,4.411858197338472,125543296.35961296,False,False,False
10000000000000,48,2,2.6406472633874785,4.234406898986233,458836011.25904435,False,False,False
30000000000000,48,2,2.6406472633874785,4.084499103808506,1483820942.7022262,True,False,False
100000000000000,48,2,2.6406472633874785,3.931949263344359,5324058011.336097,True,False,True
300000000000000,48,2,2.6406472633874785,3.802364345665417,16963448960.415464,True,False,True
1000000000000000,48,2,2.6406472633874785,3.6698193124547354,59993072542.97061,True,False,True
100000,50,2,1.7604315089249856,7.645456900947364,0.7961962776162994,False,False,False
196841,50,2,1.7604315089249856,7.220712138236937,2.1001847294627334,False,False,False
387467,50,2,1.7604315089249856,6.840672666563369,5.345250381250027,False,False,False
762698,50,2,1.7604315089249856,6.49863873438214,13.19843985418434,False,False,False
1501310,50,2,1.7604315089249856,6.18917960729521,31.757770829415378,False,False,False
2955209,50,2,1.7604315089249856,5.9078530913820675,74.73605833037777,False,False,False
5817091,50,2,1.7604315089249856,5.6509899038509745,172.53204803448568,False,False,False
11450475,50,2,1.7604315089249856,5.415531991855326,391.70483809687397,False,False,False
22539339,50,2,1.7604315089249856,5.19891069328926,876.4218291302099,False,False,False
44366873,50,2,1.7604315089249856,4.998952591063281,1936.0042746355248,False,False,False
87332616,50,2,1.7604315089249856,4.813806197611087,4228.597315922953,False,False,False
171907220,50,2,1.7604315089249856,4.641884547268416,9144.200638002741,False,False,False
338385515,50,2,1.7604315089249856,4.481819562855512,19599.180718085194,False,False,False
666084629,50,2,1.7604315089249856,4.332425577229411,41676.397673227366,False,False,False
1311133937,50,2,1.7604315089249856,4.192669913486959,87996.31136359129,False,False,False
2580861540,50,2,1.7604315089249856,4.061648978658647,184618.8612463987,False,False,False
5080218046,50,2,1.7604315089249856,3.938568706580315,385124.08731865854,False,False,True
10000000000,50,2,1.7604315089249856,3.822728450473682,799245.7651169045,False,False,True
30000000000,50,2,1.7604315089249856,3.6486438951459546,2587102.86642917,False,False,True
70000000000,50,2,1.7604315089249856,3.524844530099478,6354608.990676053,False,False,True
100000000000,50,2,1.7604315089249856,3.4752076822488016,9260571.882955765,False,False,True
300000000000,50,2,1.7604315089249856,3.3307380532393402,29370401.870919585,False,False,True
1000000000000,50,2,1.7604315089249856,3.185607042061402,103138019.65711482,False,False,True
3000000000000,50,2,1.7604315089249856,3.063790414818383,322226064.9909872,False,False,True
10000000000000,50,2,1.7604315089249856,2.940560346518217,1115518185.8824086,False,False,True
30000000000000,50,2,1.7604315089249856,2.8364577109781286,3445940128.0805936,True,False,True
100000000000000,50,2,1.7604315089249856,2.7305203217669156,11801181223.365685,True,False,True
300000000000000,50,2,1.7604315089249856,2.640530795600984,36141052592.70059,True,False,True
1000000000000000,50,2,1.7604315089249856,2.5484856336491215,122743605132.41942,True,False,True
100000,52,2,1.4403530527568063,6.505588781169757,2.036612484287135,False,False,False
196841,52,2,1.4403530527568063,6.14416960126343,5.042475583953969,False,False,False
387467,52,2,1.4403530527568063,5.820790559912102,12.126823273394061,False,False,False
762698,52,2,1.4403530527568063,5.529750777619711,28.454772332096276,False,False,False
1501310,52,2,1.4403530527568063,5.266429193116651,65.38004990753385,False,False,False
2955209,52,2,1.4403530527568063,5.027045903212377,147.5399780897968,False,False,False
5817091,52,2,1.4403530527568063,4.808478681822283,327.80651187047414,False,False,False
11450475,52,2,1.4403530527568063,4.608125403978714,718.5566049608401,False,False,False
22539339,52,2,1.4403530527568063,4.423800371744316,1556.6434401654637,False,False,False
44366873,52,2,1.4403530527568063,4.2536542047593,3337.606347595084,False,False,False
87332616,52,2,1.4403530527568063,4.096111455421798,7091.482251695283,False,False,False
171907220,52,2,1.4403530527568063,3.949821760221124,14947.020164593452,False,False,True
338385515,52,2,1.4403530527568063,3.813621009847963,31281.14822020708,False,False,True
666084629,52,2,1.4403530527568063,3.686500309351571,65052.16834659362,False,False,True
1311133937,52,2,1.4403530527568063,3.567580944567085,134520.03818519175,False,False,True
2580861540,52,2,1.4403530527568063,3.456094040022267,276767.4806449587,False,False,True
5080218046,52,2,1.4403530527568063,3.3513639175992496,566852.8127948302,False,False,True
10000000000,52,2,1.4403530527568063,3.2527943905848784,1156243.7157458924,False,False,True
30000000000,52,2,1.4403530527568063,3.104664259869648,3646791.0081848055,False,False,True
70000000000,52,2,1.4403530527568063,2.9993222547028284,8793668.332630018,False,False,True
100000000000,52,2,1.4403530527568063,2.9570858096226167,12720526.929558106,False,False,True
300000000000,52,2,1.4403530527568063,2.8341552889382022,39484156.76922128,False,False,True
1000000000000,52,2,1.4403530527568063,2.7106619921540656,135685871.04239994,False,False,True
3000000000000,52,2,1.4403530527568063,2.607007116609097,416283270.4662174,False,False,True
10000000000000,52,2,1.4403530527568063,2.5021495312191373,1414900424.8555386,False,False,True
30000000000000,52,2,1.4403530527568063,2.4135676522504803,4303446128.217124,True,False,True
100000000000000,52,2,1.4403530527568063,2.3234245647034846,14506904256.743937,True,False,True
300000000000000,52,2,1.4403530527568063,2.2468516588022913,43835230855.73037,True,False,True
1000000000000000,52,2,1.4403530527568063,2.1685295937232523,146845793608.92062,True,False,True
100000,54,2,2.6406472633874785,12.38564017953473,0.010434603731722577,False,False,False
196841,54,2,2.6406472633874785,11.69755366394384,0.035816338380999,False,False,False
387467,54,2,2.6406472633874785,11.081889719832658,0.1153777723089139,False,False,False
762698,54,2,2.6406472633874785,10.527794749699067,0.3521872525113989,False,False,False
1501310,54,2,2.6406472633874785,10.026470963818241,1.0266603929236773,False,False,False
2955209,54,2,2.6406472633874785,9.57072200803895,2.8764556975674216,False,False,False
5817091,54,2,2.6406472633874785,9.154603644238579,7.786834107894899,False,False,False
11450475,54,2,2.6406472633874785,8.77316182680563,20.4573834308486,False,False,False
22539339,54,2,2.6406472633874785,8.422235323128604,52.35188757025763,False,False,False
44366873,54,2,2.6406472633874785,8.098303197522515,130.90815591836605,False,False,False
87332616,54,2,2.6406472633874785,7.798366040129962,320.7079445227643,False,False,False
171907220,54,2,2.6406472633874785,7.519852966574834,771.5271297122644,False,False,False
338385515,54,2,2.6406472633874785,7.26054769182593,1826.1770616161664,False,False,False
666084629,54,2,2.6406472633874785,7.018529435111646,4260.115257857566,False,False,False
1311133937,54,2,2.6406472633874785,6.792125259848874,9809.04244796,False,False,False
2580861540,54,2,2.6406472633874785,6.5798713454270095,22321.185095683162,False,False,False
5080218046,54,2,2.6406472633874785,6.380481304660111,50255.40468676255,False,False,False
10000000000,54,2,2.6406472633874785,6.192820089767365,112060.84224970841,False,False,False
30000000000,54,2,2.6406472633874785,5.910803110136447,404074.73049930047,False,False,False
70000000000,54,2,2.6406472633874785,5.710248138761155,1071695.393450838,False,False,False
100000000000,54,2,2.6406472633874785,5.629836445243059,1610592.542785071,False,False,False
300000000000,54,2,2.6406472633874785,5.3957956462477314,5586734.471736639,False,False,False
1000000000000,54,2,2.6406472633874785,5.160683408139471,21465711.109877795,False,False,False
3000000000000,54,2,2.6406472633874785,4.963340472005782,72324896.17463674,False,False,False
10000000000000,54,2,2.6406472633874785,4.763707761359512,270262040.8205158,False,False,False
30000000000000,54,2,2.6406472633874785,4.595061491784569,890526953.336378,True,False,False
100000000000000,54,2,2.6406472633874785,4.423442921262404,3256790296.517865,True,False,False
300000000000000,54,2,2.6406472633874785,4.277659888873594,10546198096.741507,True,False,False
1000000000000000,54,2,2.6406472633874785,4.128546726511577,37920872416.346375,True,False,False
100000,56,2,1.5843883580324871,7.7066205561549435,0.6740616425388805,False,False,False
196841,56,2,1.5843883580324871,7.278477835342833,1.7840732531680144,False,False,False
387467,56,2,1.5843883580324871,6.895398047895876,4.554530675571259,False,False,False
762698,56,2,1.5843883580324871,6.550627844257197,11.276816761054965,False,False,False
1501310,56,2,1.5843883580324871,6.238693044153572,27.20126537633754,False,False,False
2955209,56,2,1.5843883580324871,5.955115916113124,64.15739389284876,False,False,False
5817091,56,2,1.5843883580324871,5.696197823081782,148.41532150309152,False,False,False
11450475,56,2,1.5843883580324871,5.45885624779017,337.58719096222586,False,False,False
22539339,56,2,1.5843883580324871,5.240501978835575,756.646155319005,False,False,False
44366873,56,2,1.5843883580324871,5.0389442117917875,1674.0972427577426,False,False,False
87332616,56,2,1.5843883580324871,4.8523166471919765,3661.963097383351,False,False,False
171907220,56,2,1.5843883580324871,4.679019623646563,7929.771941299689,False,False,False
338385515,56,2,1.5843883580324871,4.5176741193583565,17018.018476062793,False,False,False
666084629,56,2,1.5843883580324871,4.367084981847246,36230.99780032357,False,False,False
1311133937,56,2,1.5843883580324871,4.226211272794855,76584.37102488335,False,False,False
2580861540,56,2,1.5843883580324871,4.094142170487917,160844.77716890076,False,False,False
5080218046,56,2,1.5843883580324871,3.970077256232958,335860.7104471667,False,False,True
10000000000,56,2,1.5843883580324871,3.8533102780774717,697656.0010400472,False,False,True
30000000000,56,2,1.5843883580324871,3.6778330463071223,2261411.0987539156,False,False,True
70000000000,56,2,1.5843883580324871,3.553043286340274,5560127.852352287,False,False,True
100000000000,56,2,1.5843883580324871,3.5030093437067924,8105992.703368989,False,False,True
300000000000,56,2,1.5843883580324871,3.357383957665255,25738321.95872999,False,False,True
1000000000000,56,2,1.5843883580324871,3.211091898397893,90488495.03251198,False,False,True
3000000000000,56,2,1.5843883580324871,3.0883007381369305,282981783.24855965,False,False,True
10000000000000,56,2,1.5843883580324871,2.9640848292903628,980624210.3227642,False,False,True
30000000000000,56,2,1.5843883580324871,2.859149372665954,3031763872.503304,True,False,True
100000000000000,56,2,1.5843883580324871,2.7523644843410513,10391570533.872477,True,False,True
300000000000000,56,2,1.5843883580324871,2.661655041965792,31847046562.85774,True,False,True
1000000000000000,56,2,1.5843883580324871,2.5688735187183145,108239814265.41725,True,False,True
100000,58,2,1.3692245069416553,6.897901115076954,1.3077810080450925,False,False,False
196841,58,2,1.3692245069416553,6.514686951387103,3.309297945517718,False,False,False
387467,58,2,1.3692245069416553,6.171806894721616,8.11536948425782,False,False,False
762698,58,2,1.3692245069416553,5.863216280353663,19.379322661982567,False,False,False
1501310,58,2,1.3692245069416553,5.5840153790263445,45.240253103351826,False,False,False
2955209,58,2,1.3692245069416553,5.330196344669154,103.57593370317687,False,False,False
5817091,58,2,1.3692245069416553,5.098448668807768,233.17979577631326,False,False,False
11450475,58,2,1.3692245069416553,4.88601330820725,517.3464920934632,False,False,False
22539339,58,2,1.3692245069416553,4.6905727588343105,1133.2796138970923,False,False,False
44366873,58,2,1.3692245069416553,4.510166115492648,2454.9299914393764,False,False,False
87332616,58,2,1.3692245069416553,4.343122924955781,5265.832109773946,False,False,False
171907220,58,2,1.3692245069416553,4.188011391535503,11197.366265061635,False,False,False
338385515,58,2,1.3692245069416553,4.0435972055985285,23627.131564004892,False,False,False
666084629,58,2,1.3692245069416553,3.9088106319003124,49513.01095305011,False,False,True
1311133937,58,2,1.3692245069416553,3.7827199663904563,103123.82143623906,False,False,True
2580861540,58,2,1.3692245069416553,3.664509967412024,213602.76962565703,False,False,True
5080218046,58,2,1.3692245069416553,3.553464210825795,440255.682422606,False,False,True
10000000000,58,2,1.3692245069416553,3.448950557538477,903369.7644202495,False,False,True
30000000000,58,2,1.3692245069416553,3.2918876031761277,2874792.5896821157,False,False,True
70000000000,58,2,1.3692245069416553,3.1801930649341954,6976291.081080556,False,False,True
100000000000,58,2,1.3692245069416553,3.135409597762252,10117326.624033641,False,False,True
300000000000,58,2,1.3692245069416553,3.0050658880337155,31637564.51562205,False,False,True
1000000000000,58,2,1.3692245069416553,2.874125464615398,109534025.6011255,False,False,True
3000000000000,58,2,1.3692245069416553,2.7642197964805857,338156753.070795,False,False,True
10000000000000,58,2,1.3692245069416553,2.6530388904142135,1156647882.7696536,False,False,True
30000000000000,58,2,1.3692245069416553,2.5591151792380447,3536808854.6035156,True,False,True
100000000000000,58,2,1.3692245069416553,2.4635361125274837,11987559588.639326,True,False,True
300000000000000,58,2,1.3692245069416553,2.382345562253332,36390225749.82162,True,False,True
1000000000000000,58,2,1.3692245069416553,2.2993003716923184,122482541604.33302,True,False,True
100000,60,3,3.520863017849971,18.349096562273676,3.576996352582782e-05,False,False,False
196841,60,3,3.520863017849971,17.32970913176865,0.00017100384681843924,False,False,False
387467,60,3,3.520863017849971,16.417614399752086,0.0007409435138204633,False,False,False
762698,60,3,3.520863017849971,15.596732962517136,0.00295325177875119,False,False,False
1501310,60,3,3.520863017849971,14.854031057508505,0.010959300486447016,False,False,False
2955209,60,3,3.520863017849971,14.178847419316963,0.03823956894849641,False,False,False
5817091,60,3,3.520863017849971,13.56237576924234,0.12648194858765105,False,False,False
11450475,60,3,3.520863017849971,12.997276780452784,0.3992813327650634,False,False,False
22539339,60,3,3.520863017849971,12.477385663894227,1.2098782383606048,False,False,False
44366873,60,3,3.520863017849971,11.997486218551876,3.535996054190175,False,False,False
87332616,60,3,3.520863017849971,11.553134874266611,10.00859393224204,False,False,False
171907220,60,3,3.520863017849971,11.140522913444197,27.532963557589653,False,False,False
338385515,60,3,3.520863017849971,10.756366950853229,73.83573561318663,False,False,False
666084629,60,3,3.520863017849971,10.397821385350587,193.5317568216613,False,False,False
1311133937,60,3,3.520863017849971,10.062407792368703,496.9351217997238,False,False,False
2580861540,60,3,3.520863017849971,9.747957548780755,1252.488160060068,False,False,False
5080218046,60,3,3.520863017849971,9.452564895792758,3104.0775268107805,False,False,False
10000000000,60,3,3.520863017849971,9.174548281136838,7576.07942240959,False,False,False
30000000000,60,3,3.520863017849971,8.756745348350291,31291.286480241524,False,False,False
70000000000,60,3,3.520863017849971,8.459626872238747,91405.02840574304,False,False,False
100000000000,60,3,3.520863017849971,8.340498437397125,142790.35556485166,False,False,False
300000000000,60,3,3.520863017849971,7.993771327774417,554383.4598831867,False,False,False
1000000000000,60,3,3.520863017849971,7.645456900947365,2385396.623272821,False,False,False
3000000000000,60,3,3.520863017849971,7.353096995564121,8838294.81856397,False,False,False
10000000000000,60,3,3.520863017849971,7.0573448316437215,36358827.14576405,False,False,False
30000000000000,60,3,3.520863017849971,6.8074985063475095,129938131.78177613,True,False,False
100000000000000,60,3,3.520863017849971,6.5532487722405985,516137725.2181167,True,False,False
300000000000000,60,3,3.520863017849971,6.337273909442361,1792898307.969123,True,False,False
1000000000000000,60,3,3.520863017849971,6.116365520757892,6926571530.141096,True,False,False
100000,62,2,1.3658520327866268,7.355456811601085,0.825562773884221,False,False,False
196841,62,2,1.3658520327866268,6.9468230571313985,2.1428438905136806,False,False,False
387467,62,2,1.3658520327866268,6.58119887576269,5.37576912831895,False,False,False
762698,62,2,1.3658520327866268,6.2521386444573,13.102698467648276,False,False,False
1501310,62,2,1.3658520327866268,5.95441762219091,31.159491761193465,False,False,False
2955209,62,2,1.3658520327866268,5.683762112053783,72.54979420983112,False,False,False
5817091,62,2,1.3658520327866268,5.436642010946283,165.8610479114485,False,False,False
11450475,62,2,1.3658520327866268,5.21011526112978,373.2113204877217,False,False,False
22539339,62,2,1.3658520327866268,5.001710632509324,828.2102565159216,False,False,False
44366873,62,2,1.3658520327866268,4.809337147953984,1815.681935442822,False,False,False
87332616,62,2,1.3658520327866268,4.631213548736184,3938.0373408704954,False,False,False
171907220,62,2,1.3658520327866268,4.465813064440993,8460.521631964011,False,False,False
338385515,62,2,1.3658520327866268,4.311819510471338,18024.055761714775,False,False,False
666084629,62,2,1.3658520327866268,4.168092193265537,38110.42355028012,False,False,False
1311133937,62,2,1.3658520327866268,4.033637606423661,80041.61473112418,False,False,False
2580861540,62,2,1.3658520327866268,3.9075864311922857,167097.1729488186,False,False,True
5080218046,62,2,1.3658520327866268,3.7891747211583033,346949.43599261163,False,False,True
10000000000,62,2,1.3658520327866268,3.6777284058005426,716865.340438292,False,False,True
30000000000,62,2,1.3658520327866268,3.5102470577438667,2305171.2803475475,False,False,True
70000000000,62,2,1.3658520327866268,3.3911435306819118,5635584.414029254,False,False,True
100000000000,62,2,1.3658520327866268,3.343389459818675,8197289.139132881,False,False,True
300000000000,62,2,1.3658520327866268,3.2043997132888826,25856066.320564087,False,False,True
1000000000000,62,2,1.3658520327866268,3.0647736715004523,90298508.00964871,False,False,True
3000000000000,62,2,1.3658520327866268,2.947577674945962,280812049.76449007,False,False,True
10000000000000,62,2,1.3658520327866268,2.8290218506158022,967613075.2941016,False,False,True
30000000000000,62,2,1.3658520327866268,2.728867935734131,2977267751.7067237,True,False,True
100000000000000,62,2,1.3658520327866268,2.626948861286102,10155247529.20217,True,False,True
300000000000000,62,2,1.3658520327866268,2.540372730940257,30994412739.929096,True,False,True
1000000000000000,62,2,1.3658520327866268,2.451818937200362,104897516931.73901,True,False,True
100000,64,1,1.3203236316937392,7.33963862490947,0.8107679937964408,False,False,False
196841,64,1,1.3203236316937392,6.9318836527074605,2.102593789327188,False,False,False
387467,64,1,1.3203236316937392,6.567045759900834,5.270647506971082,False,False,False
762698,64,1,1.3203236316937392,6.238693185006855,12.837391284949078,False,False,False
1501310,64,1,1.3203236316937392,5.941612423003402,30.50902549676368,False,False,False
2955209,64,1,1.3203236316937392,5.671538967726785,70.9939552042547,False,False,False
5817091,64,1,1.3203236316937392,5.424950307696935,162.21790575049744,False,False,False
11450475,64,1,1.3203236316937392,5.198910712181114,364.8359495843274,False,False,False
22539339,64,1,1.3203236316937392,4.990954265557691,809.2613114596032,False,False,False
44366873,64,1,1.3203236316937392,4.79899448742075,1773.406419811523,False,False,False
87332616,64,1,1.3203236316937392,4.621253949706644,3844.8727585969464,False,False,False
171907220,64,1,1.3203236316937392,4.456209165377679,8257.428155493913,False,False,False
338385515,64,1,1.3203236316937392,4.302546780341292,17585.56641144937,False,False,False
666084629,64,1,1.3203236316937392,4.159128554140235,37171.78166966355,False,False,False
1311133937,64,1,1.3203236316937392,4.0249631169474815,78047.65653734583,False,False,False
2580861540,64,1,1.3203236316937392,3.8991830195123023,162890.3666289181,False,False,True
5080218046,64,1,1.3203236316937392,3.7810259583171026,338128.5886388233,False,False,True
10000000000,64,1,1.3203236316937392,3.669819312454735,698472.3233413415,False,False,True
30000000000,64,1,1.3203236316937392,3.5026981393401164,2245217.388034151,False,False,True
70000000000,64,1,1.3203236316937392,3.383850748895499,5487605.938719309,False,False,True
100000000000,64,1,1.3203236316937392,3.33619937495885,7981226.049973749,False,False,True
300000000000,64,1,1.3203236316937392,3.197508531109767,25167031.843916513,False,False,True
1000000000000,64,1,1.3203236316937392,3.058182760378946,87865768.95305145,False,False,True
3000000000000,64,1,1.3203236316937392,2.941238798225648,273177811.82809645,False,False,True
10000000000000,64,1,1.3203236316937392,2.8229379326574886,941067301.2784009,False,False,True
30000000000000,64,1,1.3203236316937392,2.7229994025390036,2894964937.690529,True,False,True
100000000000000,64,1,1.3203236316937392,2.6212995088962394,9872354444.653624,True,False,True
300000000000000,64,1,1.3203236316937392,2.5349095637769445,30125396981.490536,True,False,True
1000000000000000,64,1,1.3203236316937392,2.446546208303157,101937004702.14072,True,False,True
100000,66,3,2.9340525148749763,16.820005182084206,0.0001375349899337914,False,False,False
196841,66,3,2.9340525148749763,15.885566704121265,0.0006039593673770257,False,False,False
387467,66,3,2.9340525148749763,15.049479866439412,0.0024253651497371876,False,False,False
762698,66,3,2.9340525148749763,14.29700521564071,0.009027839233303187,False,False,False
1501310,66,3,2.9340525148749763,13.616195136049464,0.031491032410460855,False,False,False
2955209,66,3,2.9340525148749763,12.99727680104055,0.10386789770234832,False,False,False
5817091,66,3,2.9340525148749763,12.432177788472146,0.32635182690206194,False,False,False
11450475,66,3,2.9340525148749763,11.914170382081721,0.9828446830415943,False,False,False
22539339,66,3,2.9340525148749763,11.437603525236376,2.8518853644611997,False,False,False
44366873,66,3,2.9340525148749763,10.99769570033922,8.008183771967792,False,False,False
87332616,66,3,2.9340525148749763,10.590373634744394,21.843071990254135,False,False,False
171907220,66,3,2.9340525148749763,10.212146003990515,58.05781441424816,False,False,False
338385515,66,3,2.9340525148749763,9.860003038282128,150.78955550324062,False,False,False
666084629,66,3,2.9340525148749763,9.531336269904706,383.60185378523846,False,False,False
1311133937,66,3,2.9340525148749763,9.223873809671312,957.8315273986706,False,False,False
2580861540,66,3,2.9340525148749763,8.935627753049026,2351.704395198476,False,False,False
5080218046,66,3,2.9340525148749763,8.664851154476695,5686.578578361654,False,False,False
10000000000,66,3,2.9340525148749763,8.410002591042103,13561.297619025394,False,False,False
30000000000,66,3,2.9340525148749763,8.027016569321102,54095.27770670841,False,False,False
70000000000,66,3,2.9340525148749763,7.754657966218853,154153.3431213245,False,False,False
100000000000,66,3,2.9340525148749763,7.645456900947365,238435.17947565624,False,False,False
300000000000,66,3,2.9340525148749763,7.32762371712655,899359.3414576002,False,False,False
1000000000000,66,3,2.9340525148749763,7.008335492535085,3759046.2232660092,False,False,False
3000000000000,66,3,2.9340525148749763,6.7403389126004445,13592667.465352599,False,False,False
10000000000000,66,3,2.9340525148749763,6.469232762340079,54555990.590013795,False,False,False
30000000000000,66,3,2.9340525148749763,6.240206964151884,190953207.8979567,True,False,False
100000000000000,66,3,2.9340525148749763,6.007144707887216,742598964.0896785,True,False,False
300000000000000,66,3,2.9340525148749763,5.809167750322166,2533541380.6813617,True,False,False
1000000000000000,66,3,2.9340525148749763,5.606668394028068,9609387949.380001,True,False,False
100000,68,2,1.4083452071399885,8.318257108230732,0.3250249591517431,False,False,False
196841,68,2,1.4083452071399885,7.856134806401788,0.8899936846253725,False,False,False
387467,68,2,1.4083452071399885,7.442651861220945,2.3421882487325787,False,False,False
762698,68,2,1.4083452071399885,7.070518943007768,5.960026156858869,False,False,False
1501310,68,2,1.4083452071399885,6.733827412737189,14.736775276281243,False,False,False
2955209,68,2,1.4083452071399885,6.427744163423689,35.54957001255407,False,False,False
5817091,68,2,1.4083452071399885,6.14827701538986,83.94420417000731,False,False,False
11450475,68,2,1.4083452071399885,5.892098807138596,194.57121218485958,False,False,False
22539339,68,2,1.4083452071399885,5.656414834298715,443.72270223730055,False,False,False
44366873,68,2,1.4083452071399885,5.43886041907685,997.577755876302,False,False,False
87332616,68,2,1.4083452071399885,5.237421143000863,2214.6886683328853,False,False,False
171907220,68,2,1.4083452071399885,5.0503703874280355,4862.197405694152,False,False,False
338385515,68,2,1.4083452071399885,4.876219684386797,10569.199802412095,False,False,False
666084629,68,2,1.4083452071399885,4.713679028025599,22772.142378395092,False,False,False
1311133937,68,2,1.4083452071399885,4.561624865873812,48676.501272957554,False,False,False
2580861540,68,2,1.4083452071399885,4.419074088780609,103309.03427823211,False,False,False
5080218046,68,2,1.4083452071399885,4.2851627527593825,217854.62653520485,False,False,False
10000000000,68,2,1.4083452071399885,4.159128554115366,456744.8109569559,False,False,False
30000000000,68,2,1.4083452071399885,3.9697245579187985,1501274.555756162,False,False,True
70000000000,68,2,1.4083452071399885,3.835030848748232,3727920.251990748,False,False,True
100000000000,68,2,1.4083452071399885,3.7810259582866963,5456480.461653795,False,False,True
300000000000,68,2,1.4083452071399885,3.6238430019244023,17526936.53603606,False,False,True
1000000000000,68,2,1.4083452071399885,3.465940461762805,62339242.10926963,False,False,True
3000000000000,68,2,1.4083452071399885,3.333403971322401,196860677.2747733,False,False,True
10000000000000,68,2,1.4083452071399885,3.19932965701182,688945008.8438084,False,False,True
30000000000000,68,2,1.4083452071399885,3.086065989544204,2147801871.397978,True,False,True
100000000000000,68,2,1.4083452071399885,2.970806110082404,7424388248.402697,True,False,True
300000000000000,68,2,1.4083452071399885,2.8728975056138704,22917920264.502216,True,False,True
1000000000000000,68,2,1.4083452071399885,2.7727523694102443,78467724043.76602,True,False,True
100000,70,3,2.1125178107099827,12.844367593591572,0.005276466232561999,False,False,False
196841,70,3,2.1125178107099827,12.130796392238056,0.018578739494934722,False,False,False
387467,70,3,2.1125178107099827,11.49233007982646,0.06122942103733511,False,False,False
762698,70,3,2.1125178107099827,10.917713073761995,0.19077622152912266,False,False,False
1501310,70,3,2.1125178107099827,10.397821740255955,0.5665538587363055,False,False,False
2955209,70,3,2.1125178107099827,9.925193193521874,1.6143689526131186,False,False,False
5817091,70,3,2.1125178107099827,9.493663038469638,4.438122501973735,False,False,False
11450475,70,3,2.1125178107099827,9.09809374631695,11.825620356793632,False,False,False
22539339,70,3,2.1125178107099827,8.73416996472596,30.658495460261108,False,False,False
44366873,70,3,2.1125178107099827,8.398240352986312,77.58819355296218,False,False,False
87332616,70,3,2.1125178107099827,8.087194411986628,192.20431669309255,False,False,False
171907220,70,3,2.1125178107099827,7.798366039410938,467.1802754239989,False,False,False
338385515,70,3,2.1125178107099827,7.52945686559726,1116.4701083671496,False,False,False
666084629,70,3,2.1125178107099827,7.27847496974541,2627.958029020322,False,False,False
1311133937,70,3,2.1125178107099827,7.043685454658092,6101.90436169449,False,False,False
2580861540,70,3,2.1125178107099827,6.823570284146529,13994.910695211353,False,False,False
5080218046,70,3,2.1125178107099827,6.61679542705493,31742.62527012186,False,False,False
10000000000,70,3,2.1125178107099827,6.422183796795786,71274.22061411403,False,False,False
30000000000,70,3,2.1125178107099827,6.129721743845204,259702.73560249674,False,False,False
70000000000,70,3,2.1125178107099827,5.921738810567123,693924.3371145272,False,False,False
100000000000,70,3,2.1125178107099827,5.838348906177988,1045971.520309439,False,False,False
300000000000,70,3,2.1125178107099827,5.595639929442092,3659794.9042365653,False,False,False
1000000000000,70,3,2.1125178107099827,5.351819830663156,14184883.510956423,False,False,False
3000000000000,70,3,2.1125178107099827,5.147167896894884,48144044.25548224,False,False,False
10000000000000,70,3,2.1125178107099827,4.940141382150605,181238680.21513388,False,False,False
30000000000000,70,3,2.1125178107099827,4.765248954443257,600932344.0739092,True,False,False
100000000000000,70,3,2.1125178107099827,4.587274140568419,2211713087.8543143,True,False,False
300000000000000,70,3,2.1125178107099827,4.4360917366096535,7200784842.224626,True,False,False
1000000000000000,70,3,2.1125178107099827,4.281455864530525,26035187659.24683,True,False,False
100000,72,2,2.6406472633874785,16.51418690604631,0.00016806253081103515,False,False,False
196841,72,2,2.6406472633874785,15.596738218591785,0.0007255825815919207,False,False,False
387467,72,2,2.6406472633874785,14.775852959776877,0.0028698176215949094,False,False,False
762698,72,2,2.6406472633874785,14.037059666265423,0.010537054922483349,False,False,False
1501310,72,2,2.6406472633874785,13.368627951757656,0.036303330579119816,False,False,False
2955209,72,2,2.6406472633874785,12.760962677385267,0.11840056392661012,False,False,False
5817091,72,2,2.6406472633874785,12.206138192318106,0.368210617106821,False,False,False
11450475,72,2,2.6406472633874785,11.697549102407507,1.0985120581309957,False,False,False
22539339,72,2,2.6406472633874785,11.229647097504804,3.160013244946373,False,False,False
44366873,72,2,2.6406472633874785,10.797737596696688,8.802727162311742,False,False,False
87332616,72,2,2.6406472633874785,10.397821386839949,23.833103845520338,False,False,False
171907220,72,2,2.6406472633874785,10.026470622099778,62.91308562040016,False,False,False
338385515,72,2,2.6406472633874785,9.680730255767907,162.35697485099203,False,False,False
666084629,72,2,2.6406472633874785,9.358039246815528,410.5680477123321,False,False,False
1311133937,72,2,2.6406472633874785,9.056167013131832,1019.449632548807,False,False,False
2580861540,72,2,2.6406472633874785,8.77316179390268,2489.9080530593865,False,False,False
5080218046,72,2,2.6406472633874785,8.50730840621348,5991.195624056328,False,False,False
10000000000,72,2,2.6406472633874785,8.257093453023154,14221.694706031149,False,False,False
30000000000,72,2,2.6406472633874785,7.8810708135152625,56335.90825954732,False,False,False
70000000000,72,2,2.6406472633874785,7.613664185014873,159745.36952827117,False,False,False
100000000000,72,2,2.6406472633874785,7.506448593657412,246594.49844523592,False,False,False
300000000000,72,2,2.6406472633874785,7.194394194996976,924776.1178779628,False,False,False
1000000000000,72,2,2.6406472633874785,6.880911210852629,3842906.676339861,False,False,False
3000000000000,72,2,2.6406472633874785,6.617787296007708,13828360.490437092,False,False,False
10000000000000,72,2,2.6406472633874785,6.351610348479349,55229068.76771571,False,False,False
30000000000000,72,2,2.6406472633874785,6.126748655712759,192505785.14677644,True,False,False
100000000000000,72,2,2.6406472633874785,5.897923895016539,745471156.9933914,True,False,False
300000000000000,72,2,2.6406472633874785,5.7035465184981256,2534202001.9906626,True,False,False
1000000000000000,72,2,2.6406472633874785,5.504728968682103,9576569534.75213,True,False,False
100000,74,2,1.358047164027846,8.728927364624477,0.20785985450762332,False,False,False
196841,74,2,1.358047164027846,8.243990201255658,0.5823032311373025,False,False,False
387467,74,2,1.358047164027846,7.810093707310634,1.5640461528155998,False,False,False
762698,74,2,1.358047164027846,7.419588680740294,4.053730174209362,False,False,False
1501310,74,2,1.358047164027846,7.066274774500474,10.191266043482058,False,False,False
2955209,74,2,1.358047164027846,6.745080272332212,24.95874614863876,False,False,False
5817091,74,2,1.358047164027846,6.451815901653855,59.7545782695653,False,False,False
11450475,74,2,1.358047164027846,6.182990239843967,140.26579363603864,False,False,False
22539339,74,2,1.358047164027846,5.935670608681111,323.6220764456367,False,False,False
44366873,74,2,1.358047164027846,5.707375586825392,735.4240595139073,False,False,False
87332616,74,2,1.358047164027846,5.495991304472544,1649.0082257944377,False,False,False
171907220,74,2,1.358047164027846,5.299705900252739,3653.8716075117673,False,False,False
338385515,74,2,1.358047164027846,5.1169574209058934,8011.185172373003,False,False,False
666084629,74,2,1.358047164027846,4.946392173316779,17399.77324000606,False,False,False
1311133937,74,2,1.358047164027846,4.78683113551254,37473.06768058301,False,False,False
2580861540,74,2,1.358047164027846,4.637242662491416,80093.01214503816,False,False,False
5080218046,74,2,1.358047164027846,4.496720157569983,170017.76653310013,False,False,False
10000000000,74,2,1.358047164027846,4.3644636823122385,358676.92825867544,False,False,False
30000000000,74,2,1.358047164027846,4.165708858572352,1190010.9471028713,False,False,False
70000000000,74,2,1.358047164027846,4.024365354936433,2974715.352541731,False,False,False
100000000000,74,2,1.358047164027846,3.9676942566474893,4365654.126773151,False,False,True
300000000000,74,2,1.358047164027846,3.802751217355544,14132301.566812268,False,False,True
1000000000000,74,2,1.358047164027846,3.637053068593532,50658694.06868065,False,False,True
3000000000000,74,2,1.358047164027846,3.4979732850326455,161024946.26097962,False,False,True
10000000000000,74,2,1.358047164027846,3.357279755624799,567274726.0507257,False,False,True
30000000000000,74,2,1.358047164027846,3.2384242894481723,1778408724.8662837,True,False,True
100000000000000,74,2,1.358047164027846,3.1174740587944556,6182574049.547863,True,False,True
300000000000000,74,2,1.358047164027846,3.014731731206152,19177108058.45974,True,False,True
1000000000000000,74,2,1.358047164027846,2.9096424548748256,65985145725.20058,True,False,True
100000,76,2,1.3979897276757238,9.228516212202347,0.12983478602832263,False,False,False
196841,76,2,1.3979897276757238,8.71582429862482,0.37395847702508267,False,False,False
387467,76,2,1.3979897276757238,8.257094301051783,1.0296954658415123,False,False,False
762698,76,2,1.3979897276757238,7.844239225265971,2.7291070840228215,False,False,False
1501310,76,2,1.3979897276757238,7.4707038553939835,7.001255843752805,False,False,False
2955209,76,2,1.3979897276757238,7.131126202068237,17.464424305250148,False,False,False
5817091,76,2,1.3979897276757238,6.821077225118941,42.519892491249976,False,False,False
11450475,76,2,1.3979897276757238,6.536865674874782,101.35723437822472,False,False,False
22539339,76,2,1.3979897276757238,6.275391025076214,237.18573465497016,False,False,False
44366873,76,2,1.3979897276757238,6.034029833448148,546.0882402192715,False,False,False
87332616,76,2,1.3979897276757238,5.81054724558703,1239.373026154442,False,False,False
171907220,76,2,1.3979897276757238,5.603027700585169,2777.2273013016293,False,False,False
338385515,76,2,1.3979897276757238,5.409819848811477,6153.1479995134405,False,False,False
666084629,76,2,1.3979897276757238,5.2294925202792655,13495.338963472783,False,False,False
1311133937,76,2,1.3979897276757238,5.060799213220729,29330.910884920184,False,False,False
2580861540,76,2,1.3979897276757238,4.902649237769144,63229.4120051914,False,False,False
5080218046,76,2,1.3979897276757238,4.754084109354593,135304.3283865502,False,False,False
10000000000,76,2,1.3979897276757238,4.614258106101174,287612.8126549921,False,False,False
30000000000,76,2,1.3979897276757238,4.404127807552646,965152.7444353824,False,False,False
70000000000,76,2,1.3979897276757238,4.254694691625958,2432225.190963484,False,False,False
100000000000,76,2,1.3979897276757238,4.194780096455612,3581098.984987687,False,False,False
300000000000,76,2,1.3979897276757238,4.020396756027721,11702530.105489992,False,False,False
1000000000000,76,2,1.3979897276757238,3.8452150884176453,42348643.20566712,False,False,True
3000000000000,76,2,1.3979897276757238,3.698175253651366,135686200.0274393,False,False,True
10000000000000,76,2,1.3979897276757238,3.5494293123855183,481873529.24297714,False,False,True
30000000000000,76,2,1.3979897276757238,3.4237713076041882,1520987064.1265566,True,False,True
100000000000000,76,2,1.3979897276757238,3.2958986472151244,5324387311.362248,True,False,True
300000000000000,76,2,1.3979897276757238,3.187275995631305,16612585180.463787,True,False,True
1000000000000000,76,2,1.3979897276757238,3.076172070734116,57505901248.152824,True,False,True
100000,78,3,2.8807061055136125,19.51676634350927,9.104493263553702e-06,False,False,False
196841,78,3,2.8807061055136125,18.432508803790288,4.6442532347058335e-05,False,False,False
387467,78,3,2.8807061055136125,17.462371679736307,0.0002132566600956223,False,False,False
762698,78,3,2.8807061055136125,16.589252332859132,0.0008955804668211481,False,False,False
1501310,78,3,2.8807061055136125,15.799287579349954,0.0034842793546952335,False,False,False
2955209,78,3,2.8807061055136125,15.081137709637131,0.012691212566409968,False,False,False
5817091,78,3,2.8807061055136125,14.42543604546685,0.04365721791036507,False,False,False
11450475,78,3,2.8807061055136125,13.824376211936142,0.1428644296436007,False,False,False
22539339,78,3,2.8807061055136125,13.27140111523295,0.44746076472207796,False,False,False
44366873,78,3,2.8807061055136125,12.760962614277902,1.3483045815746812,False,False,False
87332616,78,3,2.8807061055136125,12.288334366265394,3.9258148300075337,False,False,False
171907220,78,3,2.8807061055136125,11.849465280663372,11.086973925461544,False,False,False
338385515,78,3,2.8807061055136125,11.440863029543888,30.46797288794474,False,False,False
666084629,78,3,2.8807061055136125,11.059500928054714,81.70305375087207,False,False,False
1311133937,78,3,2.8807061055136125,10.702742833701254,214.31646715812386,False,False,False
2580861540,78,3,2.8807061055136125,10.368282120066802,551.0866813035007,False,False,False
5080218046,78,3,2.8807061055136125,10.05409175279775,1391.690264423496,False,False,False
10000000000,78,3,2.8807061055136125,9.758383171754636,3457.3080055662244,False,False,False
30000000000,78,3,2.8807061055136125,9.313992779608945,14664.38177221245,False,False,False
70000000000,78,3,2.8807061055136125,8.997966764108485,43653.781245035294,False,False,False
100000000000,78,3,2.8807061055136125,8.87125742886785,68713.64678297454,False,False,False
300000000000,78,3,2.8807061055136125,8.502465866814607,272732.47745263274,False,False,False
1000000000000,78,3,2.8807061055136125,8.131985976462197,1199812.9127567902,False,False,False
3000000000000,78,3,2.8807061055136125,7.821021349827291,4528989.809381671,False,False,False
10000000000000,78,3,2.8807061055136125,7.506448593657412,18985253.658613645,False,False,False
30000000000000,78,3,2.8807061055136125,7.2407029567514405,68936327.03317864,True,False,False
100000000000000,78,3,2.8807061055136125,6.970273694110453,278293975.8000545,True,False,False
300000000000000,78,3,2.8807061055136125,6.740554976406875,980082736.8269172,True,False,False
1000000000000000,78,3,2.8807061055136125,6.505588781169757,3839994776.1219783,True,False,False
100000,80,2,1.7604315089249856,12.232731041515782,0.00810573304620676,False,False,False
196841,80,2,1.7604315089249856,11.5531394211791,0.027587238795296686,False,False,False
387467,80,2,1.7604315089249856,10.94507626650139,0.08819586381901333,False,False,False
762698,80,2,1.7604315089249856,10.397821975011423,0.26737994666840453,False,False,False
1501310,80,2,1.7604315089249856,9.902687371672336,0.7746295852108066,False,False,False
2955209,80,2,1.7604315089249856,9.452564946211307,2.1581488263791875,False,False,False
5817091,80,2,1.7604315089249856,9.04158384616156,5.812373821867038,False,False,False
11450475,80,2,1.7604315089249856,8.664851186968523,15.198388416773309,False,False,False
22539339,80,2,1.7604315089249856,8.318257109262817,38.725608485270584,False,False,False
44366873,80,2,1.7604315089249856,7.9983241457012495,96.44857079686513,False,False,False
87332616,80,2,1.7604315089249856,7.70208991617774,235.41311211081748,False,False,False
171907220,80,2,1.7604315089249856,7.427015275629465,564.3893887775424,False,False,False
338385515,80,2,1.7604315089249856,7.170911300568819,1331.6197089351954,False,False,False
666084629,80,2,1.7604315089249856,6.931880923567057,3097.1415924888734,False,False,False
1311133937,80,2,1.7604315089249856,6.708271861579135,7111.356044475811,False,False,False
2580861540,80,2,1.7604315089249856,6.498638365853837,16140.055528337442,False,False,False
5080218046,80,2,1.7604315089249856,6.301709930528505,36249.45559555924,False,False,False
10000000000,80,2,1.7604315089249856,6.116365520757891,80642.95266728284,False,False,False
30000000000,80,2,1.7604315089249856,5.837830232233527,289775.82509447646,False,False,False
70000000000,80,2,1.7604315089249856,5.639751248159165,766648.8975306262,False,False,False
100000000000,80,2,1.7604315089249856,5.560332291598082,1151011.586117128,False,False,False
300000000000,80,2,1.7604315089249856,5.329180885182945,3981045.989559176,False,False,False
1000000000000,80,2,1.7604315089249856,5.096971267298243,15251896.602073068,False,False,False
3000000000000,80,2,1.7604315089249856,4.902064663709413,51263506.02577778,False,False,False
10000000000000,80,2,1.7604315089249856,4.704896554429148,191088774.63418406,False,False,False
30000000000000,80,2,1.7604315089249856,4.538332337565006,628337483.3708168,True,False,False
100000000000000,80,2,1.7604315089249856,4.368832514827065,2293060612.130338,True,False,False
300000000000000,80,2,1.7604315089249856,4.224849272961574,7412078748.2994995,True,False,False
1000000000000000,80,2,1.7604315089249856,4.077577013838594,26602529052.963326,True,False,False
100000,82,2,1.3541780837884503,9.645037936579751,0.08292200235154858,False,False,False
196841,82,2,1.3541780837884503,9.10920608208352,0.24442838886556706,False,False,False
387467,82,2,1.3541780837884503,8.629771671664557,0.6871141233271989,False,False,False
762698,82,2,1.3541780837884503,8.1982827110667,1.8553815988891713,False,False,False
1501310,82,2,1.3541780837884503,7.807888119972419,4.8407258029852525,False,False,False
2955209,82,2,1.3541780837884503,7.452983899897377,12.261540942878652,False,False,False
5817091,82,2,1.3541780837884503,7.128941109473536,30.27334234966583,False,False,False
11450475,82,2,1.3541780837884503,6.831901897417489,73.09605675220244,False,False,False
22539339,82,2,1.3541780837884503,6.5586257976879905,173.08246310398903,False,False,False
44366873,82,2,1.3541780837884503,6.306370961033677,402.8639215867647,False,False,False
87332616,82,2,1.3541780837884503,6.072801664678602,923.5878124686799,False,False,False
171907220,82,2,1.3541780837884503,5.855915890400155,2089.08100905693,False,False,False
338385515,82,2,1.3541780837884503,5.653987756217723,4669.048517916386,False,False,False
666084629,82,2,1.3541780837884503,5.465521497427872,10324.03612376126,False,False,False
1311133937,82,2,1.3541780837884503,5.289214352398933,22609.862251425726,False,False,False
2580861540,82,2,1.3541780837884503,5.123926403846294,49089.82586450117,False,False,False
5080218046,82,2,1.3541780837884503,4.968655906762859,105753.8392712154,False,False,False
10000000000,82,2,1.3541780837884503,4.8225189682898755,226221.29623700987,False,False,False
30000000000,82,2,1.3541780837884503,4.602904606184127,766372.9787900248,False,False,False
70000000000,82,2,1.3541780837884503,4.446726945663957,1944361.5959573553,False,False,False
100000000000,82,2,1.3541780837884503,4.3841081529907955,2870542.596626093,False,False,False
300000000000,82,2,1.3541780837884503,4.201854159471168,9454653.531166913,False,False,False
1000000000000,82,2,1.3541780837884503,4.01876580690823,34485710.80210211,False,False,False
3000000000000,82,2,1.3541780837884503,3.865089446386268,111228880.89412907,False,False,True
10000000000000,82,2,1.3541780837884503,3.7096299756075966,397677121.3218686,False,False,True
30000000000000,82,2,1.3541780837884503,3.5783004969262544,1262368493.547823,True,False,True
100000000000000,82,2,1.3541780837884503,3.44465640592134,4444641803.212939,True,False,True
300000000000000,82,2,1.3541780837884503,3.3311311575273947,13935851772.705276,True,False,True
1000000000000000,82,2,1.3541780837884503,3.215012645526584,48482668923.18744,True,False,True
100000,84,3,3.1687767160649742,23.119861668464832,2.7279979942336726e-07,False,False,False
196841,84,3,3.1687767160649742,21.8354335060285,1.6999539498065979e-06,False,False,False
387467,84,3,3.1687767160649742,20.68619414368763,9.33699189206371e-06,False,False,False
762698,84,3,3.1687767160649742,19.651883532771592,4.606949670049756e-05,False,False,False
1501310,84,3,3.1687767160649742,18.71607913246072,0.00020737632619125874,False,False,False
2955209,84,3,3.1687767160649742,17.865347748339374,0.0008624397144339704,False,False,False
5817091,84,3,3.1687767160649742,17.08859346924535,0.0033485297985829765,False,False,False
11450475,84,3,3.1687767160649742,16.376568743370512,0.012243727738316827,False,False,False
22539339,84,3,3.1687767160649742,15.721505936506729,0.04246984164995524,False,False,False
44366873,84,3,3.1687767160649742,15.116832635375365,0.14061749116585676,False,False,False
87332616,84,3,3.1687767160649742,14.556949941575931,0.4467610166007182,False,False,False
171907220,84,3,3.1687767160649742,14.03705887093969,1.368188344571119,False,False,False
338385515,84,3,3.1687767160649742,13.55302235807507,4.054498128959579,False,False,False
666084629,84,3,3.1687767160649742,13.101254945541742,11.665637341952792,False,False,False
1311133937,84,3,3.1687767160649742,12.678633818384567,32.683584090282906,False,False,False
2580861540,84,3,3.1687767160649742,12.282426511463752,89.3943875859059,False,False,False
5080218046,84,3,3.1687767160649742,11.910231768698875,239.23455416336904,False,False,False
10000000000,84,3,3.1687767160649742,11.559930834232416,627.6659194243665,False,False,False
30000000000,84,3,3.1687767160649742,11.033499138921368,2889.9100161160177,False,False,False
70000000000,84,3,3.1687767160649742,10.659129859020824,9119.700739413238,False,False,False
100000000000,84,3,3.1687767160649742,10.509028031120378,14694.70757698653,False,False,False
300000000000,84,3,3.1687767160649742,10.072151872995766,62434.346728457385,False,False,False
1000000000000,84,3,3.1687767160649742,9.633275695193682,294106.3329524129,False,False,False
3000000000000,84,3,3.1687767160649742,9.264902214410792,1175775.8525200463,False,False,False
10000000000000,84,3,3.1687767160649742,8.89225448787109,5223495.6378112035,False,False,False
30000000000000,84,3,3.1687767160649742,8.577448117997863,19920479.048676826,True,False,False
100000000000000,84,3,3.1687767160649742,8.257093453023154,84535236.10453273,True,False,False
300000000000000,84,3,3.1687767160649742,7.984965125897377,310609663.8586412,True,False,False
1000000000000000,84,3,3.1687767160649742,7.706620556154945,1270930629.22056,True,False,False
100000,86,2,1.3525266471009036,10.103191582764104,0.05238008871081687,False,False,False
196841,86,2,1.3525266471009036,9.541906918284813,0.1583806456454095,False,False,False
387467,86,2,1.3525266471009036,9.039698660351302,0.45548061206170115,False,False,False
762698,86,2,1.3525266471009036,8.58771333241035,1.2553815004865179,False,False,False
1501310,86,2,1.3525266471009036,8.178774417640355,3.3366193198629457,False,False,False
2955209,86,2,1.3525266471009036,7.807011719294645,8.595334322993995,False,False,False
5817091,86,2,1.3525266471009036,7.467576414405996,21.550779196252464,False,False,False
11450475,86,2,1.3525266471009036,7.156427398017601,52.77452879326988,False,False,False
22539339,86,2,1.3525266471009036,6.870170277132004,126.59631608356209,False,False,False
44366873,86,2,1.3525266471009036,6.605932960580698,298.2155614023237,False,False,False
87332616,86,2,1.3525266471009036,6.361268775282165,691.3032019374956,False,False,False
171907220,86,2,1.3525266471009036,6.1340806041708,1579.8648264756016,False,False,False
338385515,86,2,1.3525266471009036,5.922560583305163,3564.9934763286847,False,False,False
666084629,86,2,1.3525266471009036,5.7251418969338905,7953.675309725893,False,False,False
1311133937,86,2,1.3525266471009036,5.540459900310329,17565.21260564003,False,False,False
2580861540,86,2,1.3525266471009036,5.367320528383551,38437.64891808554,False,False,False
5080218046,86,2,1.3525266471009036,5.204674451768817,83418.93492130638,False,False,False
10000000000,86,2,1.3525266471009036,5.051595791382052,179687.0321989143,False,False,False
30000000000,86,2,1.3525266471009036,4.821549420463606,615111.7127326357,False,False,False
70000000000,86,2,1.3525266471009036,4.65795308879975,1572217.8964129665,False,False,False
100000000000,86,2,1.3525266471009036,4.59235981034732,2328045.690542825,False,False,False
300000000000,86,2,1.3525266471009036,4.4014484810855485,7734512.674880416,False,False,False
1000000000000,86,2,1.3525266471009036,4.209663159485044,28457946.8828077,False,False,False
3000000000000,86,2,1.3525266471009036,4.048686943289269,92459648.32884121,False,False,False
10000000000000,86,2,1.3525266471009036,3.885842916447732,333021557.73739976,False,False,True
30000000000000,86,2,1.3525266471009036,3.748275092214513,1063744107.4971962,True,False,True
100000000000000,86,2,1.3525266471009036,3.608282708130037,3769162102.9588327,True,False,True
300000000000000,86,2,1.3525266471009036,3.4893648416014957,11881835950.561943,True,False,True
1000000000000000,86,2,1.3525266471009036,3.3677305275880345,41565406792.07688,True,False,True
100000,88,2,1.4670262574374882,11.213336788056136,0.01872097010332949,False,False,False
196841,88,2,1.4670262574374882,10.59037780274751,0.06020728540138394,False,False,False
387467,88,2,1.4670262574374882,10.032986577626275,0.18297109664162317,False,False,False
762698,88,2,1.4670262574374882,9.53133681042714,0.5299773532336297,False,False,False
1501310,88,2,1.4670262574374882,9.077463424032976,1.4733402064077072,False,False,False
2955209,88,2,1.4670262574374882,8.6648512006937,3.9536650842534575,False,False,False
5817091,88,2,1.4670262574374882,8.288118525648096,10.289591253154441,False,False,False
11450475,88,2,1.4670262574374882,7.942780254721147,26.074003213143868,False,False,False
22539339,88,2,1.4670262574374882,7.62506901682425,64.54532142512336,False,False,False
44366873,88,2,1.4670262574374882,7.33179713355948,156.52494285045586,False,False,False
87332616,88,2,1.4670262574374882,7.060249089829596,372.7325596552861,False,False,False
171907220,88,2,1.4670262574374882,6.808097335993677,873.3538513764044,False,False,False
338385515,88,2,1.4670262574374882,6.573335358854752,2017.0789741552637,False,False,False
666084629,88,2,1.4670262574374882,6.3542241799364705,4598.889245758178,False,False,False
1311133937,88,2,1.4670262574374882,6.149249206447541,10364.578170026454,False,False,False
2580861540,88,2,1.4670262574374882,5.957085168699351,23116.247924089283,False,False,False
5080218046,88,2,1.4670262574374882,5.776567436317797,51072.45447764318,False,False,False
10000000000,88,2,1.4670262574374882,5.606668394028068,111877.77592294976,False,False,False
30000000000,88,2,1.4670262574374882,5.351344379547401,392788.73722840444,False,False,False
70000000000,88,2,1.4670262574374882,5.169771977479235,1022173.6310539271,False,False,False
100000000000,88,2,1.4670262574374882,5.096971267298243,1524521.611282386,False,False,False
300000000000,88,2,1.4670262574374882,4.8850824780843665,5172320.5995085575,False,False,False
1000000000000,88,2,1.4670262574374882,4.672223661690057,19436056.26613667,False,False,False
3000000000000,88,2,1.4670262574374882,4.493559275066963,64274498.28460306,False,False,False
10000000000000,88,2,1.4670262574374882,4.312821841560052,235683844.46409228,False,False,False
30000000000000,88,2,1.4670262574374882,4.1601379761012565,764292233.5647595,True,False,False
100000000000000,88,2,1.4670262574374882,4.0047631385914775,2750094449.930941,True,False,False
300000000000000,88,2,1.4670262574374882,3.872778500214777,8783369893.450676,True,False,True
1000000000000000,88,2,1.4670262574374882,3.7377789293520456,31139677694.382214,True,False,True
100000,90,3,3.520863017849971,27.523644843410512,3.7073433110128332e-09,False,False,False
196841,90,3,3.520863017849971,25.994563697652975,2.9505797379049607e-08,False,False,False
387467,90,3,3.520863017849971,24.626421599628127,2.0171836095622308e-07,False,False,False
762698,90,3,3.520863017849971,23.395099443775702,1.2120288110679952e-06,False,False,False
1501310,90,3,3.520863017849971,22.281046586262757,6.520350978067118e-06,False,False,False
2955209,90,3,3.520863017849971,21.268271128975446,3.188712697289699e-05,False,False,False
5817091,90,3,3.520863017849971,20.34356365386351,0.00014354764391411666,False,False,False
11450475,90,3,3.520863017849971,19.495915170679176,0.0006011131292417457,False,False,False
22539339,90,3,3.520863017849971,18.71607849584134,0.002362173505549289,False,False,False
44366873,90,3,3.520863017849971,17.996229327827812,0.008775881310770017,False,False,False
87332616,90,3,3.520863017849971,17.329702311399917,0.031019993834830374,False,False,False
171907220,90,3,3.520863017849971,16.710784370166298,0.10488639204989744,False,False,False
338385515,90,3,3.520863017849971,16.134550426279844,0.34084050492254314,False,False,False
666084629,90,3,3.520863017849971,15.59673207802588,1.0687940152389053,False,False,False
1311133937,90,3,3.520863017849971,15.093611688553054,3.245455083439413,False,False,False
2580861540,90,3,3.520863017849971,14.621936323171132,9.572635941079207,False,False,False
5080218046,90,3,3.520863017849971,14.178847343689135,27.500093633350147,False,False,False
10000000000,90,3,3.520863017849971,13.761822421705256,77.12881743025028,False,False,False
30000000000,90,3,3.520863017849971,13.135118022525438,392.572909391544,False,False,False
70000000000,90,3,3.520863017849971,12.689440308358122,1330.4098547230242,False,False,False
100000000000,90,3,3.520863017849971,12.510747656095687,2205.883901349175,False,False,False
300000000000,90,3,3.520863017849971,11.990656991661625,10185.559167766034,False,False,False
1000000000000,90,3,3.520863017849971,11.468185351421047,52163.98102764991,False,False,False
3000000000000,90,3,3.520863017849971,11.02964549334618,223698.8539698352,False,False,False
10000000000000,90,3,3.520863017849971,10.586017247465582,1066907.8407139531,False,False,False
30000000000000,90,3,3.520863017849971,10.211247759521264,4320232.302901575,True,False,False
100000000000000,90,3,3.520863017849971,9.829873158360897,19487032.670036323,True,False,False
300000000000000,90,3,3.520863017849971,9.505910864163543,75410898.05742063,True,False,False
1000000000000000,90,3,3.520863017849971,9.174548281136838,325361698.0882195,True,False,False
100000,92,2,1.3831961855839174,11.053146262512477,0.020717822434046945,False,False,False
196841,92,2,1.3831961855839174,10.43908669127969,0.06603890092800846,False,False,False
387467,92,2,1.3831961855839174,9.8896581979459,0.19910176544853828,False,False,False
762698,92,2,1.3831961855839174,9.395174855992467,0.5725818704157172,False,False,False
1501310,92,2,1.3831961855839174,8.94778537511822,1.5814934486837866,False,False,False
2955209,92,2,1.3831961855839174,8.541067612112363,4.218949260736787,False,False,False
5817091,92,2,1.3831961855839174,8.169716832424553,10.921070749923581,False,False,False
11450475,92,2,1.3831961855839174,7.829311965367988,27.537991539786432,False,False,False
22539339,92,2,1.3831961855839174,7.516139459441047,67.86067404392804,False,False,False
44366873,92,2,1.3831961855839174,7.227057174508631,163.87678517562475,False,False,False
87332616,92,2,1.3831961855839174,6.959388388546317,388.72858124309323,False,False,False
171907220,92,2,1.3831961855839174,6.710838802622339,907.5592335168669,False,False,False
338385515,92,2,1.3831961855839174,6.47943056801397,2089.0610429662306,False,False,False
666084629,92,2,1.3831961855839174,6.263449548794521,4748.120887494549,False,False,False
1311133937,92,2,1.3831961855839174,6.061402789212576,10669.614813771632,False,False,False
2580861540,92,2,1.3831961855839174,5.871983952003646,23731.33816860755,False,False,False
5080218046,92,2,1.3831961855839174,5.6940450443704,52296.3820846091,False,False,False
10000000000,92,2,1.3831961855839174,5.526573131256239,114281.16273550325,False,False,False
30000000000,92,2,1.3831961855839174,5.274896602696724,399765.92161568097,False,False,False
70000000000,92,2,1.3831961855839174,5.095918092086675,1037635.6962329057,False,False,False
100000000000,92,2,1.3831961855839174,5.0241573920511255,1545973.854864633,False,False,False
300000000000,92,2,1.3831961855839174,4.815295585540304,5229249.867639093,False,False,False
1000000000000,92,2,1.3831961855839174,4.605477609380199,19590317.983820956,False,False,False
3000000000000,92,2,1.3831961855839174,4.429365571137435,64619495.37592772,False,False,False
10000000000000,92,2,1.3831961855839174,4.251210100966338,236337886.9316846,False,False,False
30000000000000,92,2,1.3831961855839174,4.100707433585524,764743331.5298755,True,False,False
100000000000000,92,2,1.3831961855839174,3.947552236611599,2745616550.975759,True,False,True
300000000000000,92,2,1.3831961855839174,3.8174530930688517,8752549732.101067,True,False,True
1000000000000000,92,2,1.3831961855839174,3.6843820875041593,30970624484.744633,True,False,True
100000,94,2,1.349664156842489,11.019651879898802,0.02090414763430579,False,False,False
196841,94,2,1.349664156842489,10.407453095245506,0.06650894590570382,False,False,False
387467,94,2,1.349664156842489,9.859689536740003,0.20018533860646542,False,False,False
762698,94,2,1.349664156842489,9.366704629156125,0.5748360376480177,False,False,False
1501310,94,2,1.349664156842489,8.920670873981496,1.5855684927160123,False,False,False
2955209,94,2,1.349664156842489,8.515185589045354,4.224610304140769,False,False,False
5817091,94,2,1.349664156842489,8.144960114750539,10.923425682285773,False,False,False
11450475,94,2,1.349664156842489,7.805586777594145,27.51553187417733,False,False,False
22539339,94,2,1.349664156842489,7.493363279260922,67.74101042021053,False,False,False
44366873,94,2,1.349664156842489,7.205157001252543,163.44456810974413,False,False,False
87332616,94,2,1.349664156842489,6.938299332823448,387.3889830153715,False,False,False
171907220,94,2,1.349664156842489,6.690502927462877,903.7507481898803,False,False,False
338385515,94,2,1.349664156842489,6.459795929929078,2078.8362302790742,False,False,False
666084629,94,2,1.349664156842489,6.244469398646658,4721.790063181747,False,False,False
1311133937,94,2,1.349664156842489,6.043034901972538,10603.951801022004,False,False,False
2580861540,94,2,1.349664156842489,5.854190061239998,23571.756624092297,False,False,False
5080218046,94,2,1.349664156842489,5.676790362417761,51916.713210636386,False,False,False
10000000000,94,2,1.349664156842489,5.509825939949401,113393.92678207949,False,False,False
30000000000,94,2,1.349664156842489,5.258912067537036,396359.88779290544,False,False,False
70000000000,94,2,1.349664156842489,5.080475916050048,1028237.1419294617,False,False,False
100000000000,94,2,1.349664156842489,5.008932672681273,1531637.843827214,False,False,False
300000000000,94,2,1.349664156842489,4.8007037807356365,5177480.432406775,False,False,False
1000000000000,94,2,1.349664156842489,4.591521616624501,19384045.825691193,False,False,False
3000000000000,94,2,1.349664156842489,4.415943251224896,63904984.45051814,False,False,False
10000000000000,94,2,1.349664156842489,4.238327646114924,233598505.04739228,False,False,False
30000000000000,94,2,1.349664156842489,4.088281047423143,755534571.5057741,True,False,False
100000000000000,94,2,1.349664156842489,3.935589957106715,2711296216.1035204,True,False,True
300000000000000,94,2,1.349664156842489,3.805885053392885,8639735653.046036,True,False,True
1000000000000000,94,2,1.349664156842489,3.673217293299601,30559110073.81792,True,False,True
100000,96,2,2.6406472633874785,22.01891587472841,6.835928061175267e-07,False,False,False
196841,96,2,2.6406472633874785,20.79565095812238,4.0070774232181e-06,False,False,False
387467,96,2,2.6406472633874785,19.701137279702504,2.083677470611892e-05,False,False,False
762698,96,2,2.6406472633874785,18.716079555020563,9.786935481748988e-05,False,False,False
1501310,96,2,2.6406472633874785,17.824837269010207,0.0004213464640726126,False,False,False
2955209,96,2,2.6406472633874785,17.014616903180354,0.001682733003685621,False,False,False
5817091,96,2,2.6406472633874785,16.274850923090806,0.00629617541944198,False,False,False
11450475,96,2,2.6406472633874785,15.596732136543341,0.022254157265097347,False,False,False
22539339,96,2,2.6406472633874785,14.972862796673072,0.07482228727657207,False,False,False
44366873,96,2,2.6406472633874785,14.39698346226225,0.2407047290575206,False,False,False
87332616,96,2,2.6406472633874785,13.863761849119932,0.7446321580248101,False,False,False
171907220,96,2,2.6406472633874785,13.368627496133037,2.2246448980876816,False,False,False
338385515,96,2,2.6406472633874785,12.907640341023875,6.44231130607887,False,False,False
666084629,96,2,2.6406472633874785,12.477385662420703,18.141375476585207,False,False,False
1311133937,96,2,2.6406472633874785,12.074889350842444,49.81398894085346,False,False,False
2580861540,96,2,2.6406472633874785,11.697549058536906,133.70204743766703,False,False,False
5080218046,96,2,2.6406472633874785,11.343077874951309,351.5235845259174,False,False,False
10000000000,96,2,2.6406472633874785,11.009457937364205,907.0153642015525,False,False,False
30000000000,96,2,2.6406472633874785,10.508094418020349,4072.709608663408,False,False,False
70000000000,96,2,2.6406472633874785,10.151552246686498,12625.177638357698,False,False,False
100000000000,96,2,2.6406472633874785,10.00859812487655,20198.24560973589,False,False,False
300000000000,96,2,2.6406472633874785,9.5925255933293,84050.70730926198,False,False,False
1000000000000,96,2,2.6406472633874785,9.174548281136838,387744.7397666618,False,False,False
3000000000000,96,2,2.6406472633874785,8.823716394676945,1523168.1770226138,False,False,False
10000000000000,96,2,2.6406472633874785,8.468813797972466,6647800.002835862,False,False,False
30000000000000,96,2,2.6406472633874785,8.168998207617012,24975033.20548143,True,False,False
100000000000000,96,2,2.6406472633874785,7.863898526688718,104380388.92998526,True,False,False
300000000000000,96,2,2.6406472633874785,7.604728691330834,378589271.6675578,True,False,False
1000000000000000,96,2,2.6406472633874785,7.339638624909471,1528687899.5613024,True,False,False
100000,98,2,1.5843883580324871,13.486585973271152,0.0020820565836870758,False,False,False
196841,98,2,1.5843883580324871,12.737336211849959,0.0075973233690966625,False,False,False
387467,98,2,1.5843883580324871,12.066946583817783,0.025850481654829907,False,False,False
762698,98,2,1.5843883580324871,11.463598727450096,0.0828915726367477,False,False,False
1501310,98,2,1.5843883580324871,10.917712827268751,0.2526484481116901,False,False,False
2955209,98,2,1.5843883580324871,10.421452853197968,0.7371251484812192,False,False,False
5817091,98,2,1.5843883580324871,9.96834619039312,2.0706575269800327,False,False,False
11450475,98,2,1.5843883580324871,9.552998433632798,5.6275919591549926,False,False,False
22539339,98,2,1.5843883580324871,9.170878462962257,14.857714566828541,False,False,False
44366873,98,2,1.5843883580324871,8.818152370635628,38.23767096406021,False,False,False
87332616,98,2,1.5843883580324871,8.491554132585959,96.20844720632077,False,False,False
171907220,98,2,1.5843883580324871,8.188284341381486,237.25009490281485,False,False,False
338385515,98,2,1.5843883580324871,7.905929708877124,574.6564491912349,False,False,False
666084629,98,2,1.5843883580324871,7.642398718232681,1369.7131096048736,False,False,False
1311133937,98,2,1.5843883580324871,7.395869727390997,3217.9180036526773,False,False,False
2580861540,98,2,1.5843883580324871,7.164748798353855,7462.072234722192,False,False,False
5080218046,98,2,1.5843883580324871,6.947635198407677,17101.02801601765,False,False,False
10000000000,98,2,1.5843883580324871,6.743292986635576,38773.74869170476,False,False,False
30000000000,98,2,1.5843883580324871,6.436207831037464,143361.51151622896,False,False,False
70000000000,98,2,1.5843883580324871,6.2178257510954795,387065.49531570566,False,False,False
100000000000,98,2,1.5843883580324871,6.130266351486887,585872.3301813359,False,False,False
300000000000,98,2,1.5843883580324871,5.875421925914197,2074962.4140866334,False,False,False
1000000000000,98,2,1.5843883580324871,5.619410822196314,8140924.855023451,False,False,False
3000000000000,98,2,1.5843883580324871,5.404526291739629,27914798.81899308,False,False,False
10000000000000,98,2,1.5843883580324871,5.187148451258135,106178930.67553937,False,False,False
30000000000000,98,2,1.5843883580324871,5.00351140216542,355149147.75620544,True,False,False
100000000000000,98,2,1.5843883580324871,4.81663784759684,1318799151.264706,True,False,False
300000000000000,98,2,1.5843883580324871,4.657896323440136,4326259737.08519,True,False,False
1000000000000000,98,2,1.5843883580324871,4.495528657757051,15763452518.506392,True,False,False
100000,100,2,1.7604315089249856,15.290913801894728,0.0003807504270601108,False,False,False
196841,100,2,1.7604315089249856,14.441424276473874,0.0015358261550537905,False,False,False
387467,100,2,1.7604315089249856,13.681345333126737,0.005716124265728086,False,False,False
762698,100,2,1.7604315089249856,12.99727746876428,0.019870081820426204,False,False,False
1501310,100,2,1.7604315089249856,12.37835921459042,0.06515135604888458,False,False,False
2955209,100,2,1.7604315089249856,11.815706182764135,0.2031337993139541,False,False,False
5817091,100,2,1.7604315089249856,11.301979807701949,0.6062839132409819,False,False,False
11450475,100,2,1.7604315089249856,10.831063983710653,1.7419002243140047,False,False,False
22539339,100,2,1.7604315089249856,10.39782138657852,4.840106970594851,False,False,False
44366873,100,2,1.7604315089249856,9.997905182126562,13.05836447971179,False,False,False
87332616,100,2,1.7604315089249856,9.627612395222174,34.323128102218114,False,False,False
171907220,100,2,1.7604315089249856,9.283769094536831,88.14565353295185,False,False,False
338385515,100,2,1.7604315089249856,8.963639125711024,221.72180854197399,False,False,False
666084629,100,2,1.7604315089249856,8.664851154458821,547.4464601766142,False,False,False
1311133937,100,2,1.7604315089249856,8.385339826973919,1329.2634393006506,False,False,False
2580861540,100,2,1.7604315089249856,8.123297957317295,3179.2474307573757,False,False,False
5080218046,100,2,1.7604315089249856,7.87713741316063,7500.703982737251,False,False,False
10000000000,100,2,1.7604315089249856,7.645456900947364,17477.949168380033,False,False,False
30000000000,100,2,1.7604315089249856,7.297287790291909,67332.97245064865,False,False,False
70000000000,100,2,1.7604315089249856,7.049689060198956,187183.8190870387,False,False,False
100000000000,100,2,1.7604315089249856,6.950415364497603,286664.7463858511,False,False,False
300000000000,100,2,1.7604315089249856,6.6614761064786805,1050482.2820128626,False,False,False
1000000000000,100,2,1.7604315089249856,6.371214084122804,4265080.459562944,False,False,False
3000000000000,100,2,1.7604315089249856,6.127580829636766,15051278.678056806,False,False,False
10000000000000,100,2,1.7604315089249856,5.881120693036434,58939645.93726439,False,False,False
30000000000000,100,2,1.7604315089249856,5.672915421956257,202045785.30331537,True,False,False
100000000000000,100,2,1.7604315089249856,5.461040643533831,769264287.5280952,True,False,False
300000000000000,100,2,1.7604315089249856,5.281061591201968,2577702799.622182,True,False,False
1000000000000000,100,2,1.7604315089249856,5.096971267298243,9598549900.063215,True,False,False
100000,102,3,2.816690414279977,24.954771324692196,3.870796910386763e-08,False,False,False
196841,102,3,2.816690414279977,23.56840441920536,2.670944904193073e-07,False,False,False
387467,102,3,2.816690414279977,22.327955583662835,1.6071134111939567e-06,False,False,False
762698,102,3,2.816690414279977,21.2115568290233,8.608023404250663e-06,False,False,False
1501310,102,3,2.816690414279977,20.201482238211565,4.173537131443678e-05,False,False,False
2955209,102,3,2.816690414279977,19.283232490271068,0.00018569350139504098,False,False,False
5817091,102,3,2.816690414279977,18.44483104616958,0.000766823033976996,False,False,False
11450475,102,3,2.816690414279977,17.676296421415785,0.0029668567848557784,False,False,False
22539339,102,3,2.816690414279977,16.969244502896146,0.010840321061117146,False,False,False
44366873,102,3,2.816690414279977,16.31658125723055,0.037656731051972016,False,False,False
87332616,102,3,2.816690414279977,15.712263429002588,0.125076717630373,False,False,False
171907220,102,3,2.816690414279977,15.151111162284108,0.39917800310826124,False,False,False
338385515,102,3,2.816690414279977,14.62865905316039,1.2292536335186612,False,False,False
666084629,102,3,2.816690414279977,14.141037084076796,3.6659311439555684,False,False,False
1311133937,102,3,2.816690414279977,13.684874597621436,10.621169385386446,False,False,False
2580861540,102,3,2.816690414279977,13.257222266341826,29.97845961677033,False,False,False
5080218046,102,3,2.816690414279977,12.855488258278148,82.6326551841456,False,False,False
10000000000,102,3,2.816690414279977,12.477385662346098,222.91046435706605,False,False,False
30000000000,102,3,2.816690414279977,11.909173673756396,1070.1167930027489,False,False,False
70000000000,102,3,2.816690414279977,11.505092546244697,3478.8134291446822,False,False,False
100000000000,102,3,2.816690414279977,11.34307787486009,5672.6394494304195,False,False,False
300000000000,102,3,2.816690414279977,10.871529005773207,24952.035046271503,False,False,False
1000000000000,102,3,2.816690414279977,10.397821385288415,121706.5297347673,False,False,False
3000000000000,102,3,2.816690414279977,10.000211913967203,500992.3209290068,False,False,False
10000000000000,102,3,2.816690414279977,9.597988971035461,2292514.6633753455,False,False,False
30000000000000,102,3,2.816690414279977,9.258197968632611,8963989.765500745,True,False,False
100000000000000,102,3,2.816690414279977,8.912418330247213,39019461.3204928,True,False,False
300000000000000,102,3,2.816690414279977,8.61869251684161,146500171.21328354,True,False,False
1000000000000000,102,3,2.816690414279977,8.318257108230732,612828485.9693457,True,False,False
100000,104,2,1.4403530527568063,13.011177562339514,0.003044858341833131,False,False,False
196841,104,2,1.4403530527568063,12.28833920252686,0.010820936544889118,False,False,False
387467,104,2,1.4403530527568063,11.641581119824204,0.035959184006689314,False,False,False
762698,104,2,1.4403530527568063,11.059501555239422,0.1128794451803965,False,False,False
1501310,104,2,1.4403530527568063,10.532858386233302,0.33749248739917487,False,False,False
2955209,104,2,1.4403530527568063,10.054091806424754,0.9675901053599816,False,False,False
5817091,104,2,1.4403530527568063,9.616957363644566,2.6749878804553457,False,False,False
11450475,104,2,1.4403530527568063,9.216250807957428,7.164362481560121,False,False,False
22539339,104,2,1.4403530527568063,8.847600743488632,18.6619514539081,False,False,False
44366873,104,2,1.4403530527568063,8.5073084095186,47.434744280723166,False,False,False
87332616,104,2,1.4403530527568063,8.192222910843595,117.9827237150435,False,False,False
171907220,104,2,1.4403530527568063,7.899643520442248,287.8517177542941,False,False,False
338385515,104,2,1.4403530527568063,7.627242019695926,690.3162955765456,False,False,False
666084629,104,2,1.4403530527568063,7.373000618703142,1630.1780281663287,False,False,False
1311133937,104,2,1.4403530527568063,7.13516188913417,3796.699839717791,False,False,False
2580861540,104,2,1.4403530527568063,6.912188080044534,8732.779408680868,False,False,False
5080218046,104,2,1.4403530527568063,6.702727835198499,19860.558160933444,False,False,False
10000000000,104,2,1.4403530527568063,6.505588781169757,44707.32968336352,False,False,False
30000000000,104,2,1.4403530527568063,6.209328519739296,163520.5424212713,False,False,False
70000000000,104,2,1.4403530527568063,5.998644509405657,438107.79137903085,False,False,False
100000000000,104,2,1.4403530527568063,5.914171619245233,661087.6622396499,False,False,False
300000000000,104,2,1.4403530527568063,5.6683105778764045,2320410.7282761238,False,False,False
1000000000000,104,2,1.4403530527568063,5.421323984308131,9022130.018884787,False,False,False
3000000000000,104,2,1.4403530527568063,5.214014233218194,30702953.357597154,False,False,False
10000000000000,104,2,1.4403530527568063,5.004299062438275,115892716.48288044,False,False,False
30000000000000,104,2,1.4403530527568063,4.827135304500961,385138786.4552478,True,False,False
100000000000000,104,2,1.4403530527568063,4.646849129406969,1420771632.2759268,True,False,False
300000000000000,104,2,1.4403530527568063,4.493703317604583,4634768226.487921,True,False,False
1000000000000000,104,2,1.4403530527568063,4.3370591874465045,16791174472.825619,True,False,False
100000,106,2,1.3462123303544007,12.394634834712315,0.0052719684619817395,False,False,False
196841,106,2,1.3462123303544007,11.706048619400587,0.018104854712983683,False,False,False
387467,106,2,1.3462123303544007,11.089937570028614,0.05834856563357553,False,False,False
762698,106,2,1.3462123303544007,10.535440207033632,0.1781789619594215,False,False,False
1501310,106,2,1.3462123303544007,10.033752351591529,0.5195982901133369,False,False,False
2955209,106,2,1.3462123303544007,9.577672423440575,1.4562714467303983,False,False,False
5817091,106,2,1.3462123303544007,9.161251867654874,3.9434542582997936,False,False,False
11450475,106,2,1.3462123303544007,8.779533040913694,10.363018511204535,False,False,False
22539339,106,2,1.3462123303544007,8.42835168865012,26.526454901151105,False,False,False
44366873,106,2,1.3462123303544007,8.104184318217884,66.34615189648717,False,False,False
87332616,106,2,1.3462123303544007,7.804029341538915,162.57484538623834,False,False,False
171907220,106,2,1.3462123303544007,7.525314007218678,391.18543298747596,False,False,False
338385515,106,2,1.3462123303544007,7.265820420723406,926.0962767228879,False,False,False
666084629,106,2,1.3462123303544007,7.023626406378974,2160.7819061501054,False,False,False
1311133937,106,2,1.3462123303544007,6.79705781268827,4976.082881165169,False,False,False
2580861540,106,2,1.3462123303544007,6.584649755990137,11325.181826070117,False,False,False
5080218046,106,2,1.3462123303544007,6.385114914903146,25501.96204549607,False,False,False
10000000000,106,2,1.3462123303544007,6.197317417356158,56872.70562951632,False,False,False
30000000000,106,2,1.3462123303544007,5.91509563236603,205116.52256320597,False,False,False
70000000000,106,2,1.3462123303544007,5.714395014678918,544093.5411579607,False,False,False
100000000000,106,2,1.3462123303544007,5.633924924869234,817736.2525263133,False,False,False
300000000000,106,2,1.3462123303544007,5.399714161604483,2837000.5032031736,False,False,False
1000000000000,106,2,1.3462123303544007,5.164431181130132,10902367.44284839,False,False,False
3000000000000,106,2,1.3462123303544007,4.9669449313173315,36738853.050974526,False,False,False
10000000000000,106,2,1.3462123303544007,4.767167244120121,137304822.0149399,False,False,False
30000000000000,106,2,1.3462123303544007,4.598398500856307,452481675.47873634,True,False,False
100000000000000,106,2,1.3462123303544007,4.426655298111541,1654999434.5996456,True,False,False
300000000000000,106,2,1.3462123303544007,4.2807663956919475,5359816950.5079,True,False,False
1000000000000000,106,2,1.3462123303544007,4.131544944904105,19274334086.035404,True,False,False
100000,108,2,2.6406472633874785,24.77128035906946,4.359741864964288e-08,False,False,False
196841,108,2,2.6406472633874785,23.39510732788768,2.977818176093493e-07,False,False,False
387467,108,2,2.6406472633874785,22.163779439665316,1.7754914899822236e-06,False,False,False
762698,108,2,2.6406472633874785,21.055589499398135,9.43214494797314e-06,False,False,False
1501310,108,2,2.6406472633874785,20.052941927636482,4.539267696270772e-05,False,False,False
2955209,108,2,2.6406472633874785,19.1414440160779,0.0002006069308685661,False,False,False
5817091,108,2,2.6406472633874785,18.309207288477158,0.000823316986553875,False,False,False
11450475,108,2,2.6406472633874785,17.54632365361126,0.0031674831624170334,False,False,False
22539339,108,2,2.6406472633874785,16.844470646257207,0.011513358262122608,False,False,False
44366873,108,2,2.6406472633874785,16.19660639504503,0.03980322976672113,False,False,False
87332616,108,2,2.6406472633874785,15.596732080259924,0.1316201493440861,False,False,False
171907220,108,2,2.6406472633874785,15.039705933149667,0.4183314866400467,False,False,False
338385515,108,2,2.6406472633874785,14.52109538365186,1.283296722829174,False,False,False
666084629,108,2,2.6406472633874785,14.037058870223293,3.8134033556892537,False,False,False
1311133937,108,2,2.6406472633874785,13.584250519697749,11.011439402996581,False,False,False
2580861540,108,2,2.6406472633874785,13.159742690854019,30.982426769432802,False,False,False
5080218046,108,2,2.6406472633874785,12.760962609320222,85.14809813845054,False,False,False
10000000000,108,2,2.6406472633874785,12.38564017953473,229.05843539138684,False,False,False
30000000000,108,2,2.6406472633874785,11.821606220272894,1095.0463894899228,False,False,False
70000000000,108,2,2.6406472633874785,11.42049627752231,3549.295079417165,False,False,False
100000000000,108,2,2.6406472633874785,11.259672890486119,5780.678041502548,False,False,False
300000000000,108,2,2.6406472633874785,10.791591292495463,25339.249974955947,False,False,False
1000000000000,108,2,2.6406472633874785,10.321366816278942,123165.46568161628,False,False,False
3000000000000,108,2,2.6406472633874785,9.926680944011563,505517.78574295575,False,False,False
10000000000000,108,2,2.6406472633874785,9.527415522719023,2306391.653621057,False,False,False
30000000000000,108,2,2.6406472633874785,9.190122983569138,8995746.712489758,True,False,False
100000000000000,108,2,2.6406472633874785,8.846885842524808,39058264.64261169,True,False,False
300000000000000,108,2,2.6406472633874785,8.555319777747188,146329483.45605713,True,False,False
1000000000000000,108,2,2.6406472633874785,8.257093453023154,610763758.040811,True,False,False
100000,110,3,1.9560350099166506,18.688894646760225,1.4147299873159441e-05,False,False,False
196841,110,3,1.9560350099166506,17.65062967124585,6.892223554087238e-05,False,False,False
387467,110,3,1.9560350099166506,16.72164429604379,0.00030372048813601994,False,False,False
762698,110,3,1.9560350099166506,15.885561350711898,0.0012291118163950746,False,False,False
1501310,110,3,1.9560350099166506,15.129105706721626,0.004624309863550971,False,False,False
2955209,110,3,1.9560350099166506,14.441418667822832,0.016338314011611278,False,False,False
5817091,110,3,1.9560350099166506,13.81353087608016,0.05466140187389076,False,False,False
11450475,110,3,1.9560350099166506,13.23796709120191,0.17437171042046756,False,False,False
22539339,110,3,1.9560350099166506,12.70844836137375,0.5334821658998128,False,False,False
44366873,110,3,1.9560350099166506,12.219661889265797,1.5730756146471654,False,False,False
87332616,110,3,1.9560350099166506,11.767081816382658,4.489361605009983,False,False,False
171907220,110,3,1.9560350099166506,11.346828893322794,12.444656286996041,False,False,False
338385515,110,3,1.9560350099166506,10.955558931424585,33.61136289965488,False,False,False
666084629,110,3,1.9560350099166506,10.590373633227449,88.68605877297588,False,False,False
1311133937,110,3,1.9560350099166506,10.248748677412568,229.13971529962532,False,False,False
2580861540,110,3,1.9560350099166506,9.928475281165584,580.9025313255098,False,False,False
5080218046,110,3,1.9560350099166506,9.627612393862993,1447.5643934591913,False,False,False
10000000000,110,3,1.9560350099166506,9.344447323380113,3551.287209907518,False,False,False
30000000000,110,3,1.9560350099166506,8.918907299245667,14781.716652711046,False,False,False
70000000000,110,3,1.9560350099166506,8.616286629132057,43417.13029688864,False,False,False
100000000000,110,3,1.9560350099166506,8.494952112163737,67974.80826836472,False,False,False
300000000000,110,3,1.9560350099166506,8.14180413014061,265612.1457127227,False,False,False
1000000000000,110,3,1.9560350099166506,7.787039436150094,1150269.4387244426,False,False,False
3000000000000,110,3,1.9560350099166506,7.489265458444937,4285078.349296844,False,False,False
10000000000000,110,3,1.9560350099166506,7.188036402600086,17724693.427420914,False,False,False
30000000000000,110,3,1.9560350099166506,6.933563293502092,63637758.147230215,True,False,False
100000000000000,110,3,1.9560350099166506,6.674605230985795,253973648.49598047,True,False,False
300000000000000,110,3,1.9560350099166506,6.454630833691294,885759232.1890261,True,False,False
1000000000000000,110,3,1.9560350099166506,6.229631548920075,3436014654.2328496,True,False,False
100000,112,2,1.5843883580324871,15.413241112309887,0.000303219294309904,False,False,False
196841,112,2,1.5843883580324871,14.556955670685666,0.0012314305448272915,False,False,False
387467,112,2,1.5843883580324871,13.790796095791752,0.004611161241485943,False,False,False
762698,112,2,1.5843883580324871,13.101255688514394,0.016117029387662258,False,False,False
1501310,112,2,1.5843883580324871,12.477386088307144,0.053107901867322865,False,False,False
2955209,112,2,1.5843883580324871,11.910231832226248,0.16633082165939111,False,False,False
5817091,112,2,1.5843883580324871,11.392395646163564,0.4984842658597042,False,False,False
11450475,112,2,1.5843883580324871,10.91771249558034,1.437589241418542,False,False,False
22539339,112,2,1.5843883580324871,10.48100395767115,4.008406316820044,False,False,False
44366873,112,2,1.5843883580324871,10.077888423583575,10.849132551597679,False,False,False
87332616,112,2,1.5843883580324871,9.704633294383953,28.60089470752011,False,False,False
171907220,112,2,1.5843883580324871,9.358039247293126,73.65263588356272,False,False,False
338385515,112,2,1.5843883580324871,9.035348238716713,185.74111562844158,False,False,False
666084629,112,2,1.5843883580324871,8.734169963694493,459.70516686005675,False,False,False
1311133937,112,2,1.5843883580324871,8.45242254558971,1118.7161682914043,False,False,False
2580861540,112,2,1.5843883580324871,8.188284340975834,2681.288901946731,False,False,False
5080218046,112,2,1.5843883580324871,7.940154512465916,6338.3549650055265,False,False,False
10000000000,112,2,1.5843883580324871,7.7066205561549435,14796.87290164257,False,False,False
30000000000,112,2,1.5843883580324871,7.3556660926142445,57163.25124083162,False,False,False
70000000000,112,2,1.5843883580324871,7.106086572680548,159227.35645348355,False,False,False
100000000000,112,2,1.5843883580324871,7.006018687413585,244044.25049280908,False,False,False
300000000000,112,2,1.5843883580324871,6.71476791533051,896369.1531339134,False,False,False
1000000000000,112,2,1.5843883580324871,6.422183796795786,3647823.9711089944,False,False,False
3000000000000,112,2,1.5843883580324871,6.176601476273861,12898122.875959868,False,False,False
10000000000000,112,2,1.5843883580324871,5.9281696585807255,50607737.97035897,False,False,False
30000000000000,112,2,1.5843883580324871,5.718298745331908,173773111.70422396,True,False,False
100000000000000,112,2,1.5843883580324871,5.504728968682103,662741981.6858653,True,False,False
300000000000000,112,2,1.5843883580324871,5.323310083931584,2223960479.390287,True,False,False
1000000000000000,112,2,1.5843883580324871,5.137747037436629,8293530468.113791,True,False,False
100000,114,3,2.7959794553514477,27.685548636607045,2.5039965604663438e-09,False,False,False
196841,114,3,2.7959794553514477,26.147472895874465,2.0108727172680627e-08,False,False,False
387467,114,3,2.7959794553514477,24.771282903155353,1.3858550637730596e-07,False,False,False
762698,114,3,2.7959794553514477,23.532717675797915,8.387469460623182e-07,False,False,False
1501310,114,3,2.7959794553514477,22.412111566181952,4.5418733856445235e-06,False,False,False
2955209,114,3,2.7959794553514477,21.393378606204713,2.2344299873954147e-05,False,False,False
5817091,114,3,2.7959794553514477,20.463231675356823,0.00010113692717855721,False,False,False
11450475,114,3,2.7959794553514477,19.610597024624347,0.0004256330709359614,False,False,False
22539339,114,3,2.7959794553514477,18.826173075228642,0.0016802858607134791,False,False,False
44366873,114,3,2.7959794553514477,18.102089500344448,0.006269040843697619,False,False,False
87332616,114,3,2.7959794553514477,17.43164173676109,0.022246148111186873,False,False,False
171907220,114,3,2.7959794553514477,16.80908310175551,0.07549416690364054,False,False,False
338385515,114,3,2.7959794553514477,16.22945954643443,0.24616003214475926,False,False,False
666084629,114,3,2.7959794553514477,15.688477560837796,0.7743446524086849,False,False,False
1311133937,114,3,2.7959794553514477,15.18239763966219,2.3583116772603203,False,False,False
2580861540,114,3,2.7959794553514477,14.707947713307433,6.975287578360506,False,False,False
5080218046,114,3,2.7959794553514477,14.262252328063777,20.09077524190069,False,False,False
10000000000,114,3,2.7959794553514477,13.842774318303523,56.486485929552934,False,False,False
30000000000,114,3,2.7959794553514477,13.21238342265794,288.5687091734347,False,False,False
70000000000,114,3,2.7959794553514477,12.764084074877875,980.5120253392288,False,False,False
100000000000,114,3,2.7959794553514477,12.584340289366839,1627.4461369581331,False,False,False
300000000000,114,3,2.7959794553514477,12.061190268083164,7537.676772964193,False,False,False
1000000000000,114,3,2.7959794553514477,11.535645265252937,38722.02910648953,False,False,False
3000000000000,114,3,2.7959794553514477,11.094525760954099,166483.60218512427,False,False,False
10000000000000,114,3,2.7959794553514477,10.648287937156557,796100.5738567878,False,False,False
30000000000000,114,3,2.7959794553514477,10.271313922812565,3230766.296925511,True,False,False
100000000000000,114,3,2.7959794553514477,9.887695941645372,14605567.785504527,True,False,False
300000000000000,114,3,2.7959794553514477,9.561827986893915,56628422.29161191,True,False,False
1000000000000000,114,3,2.7959794553514477,9.228516212202349,244801062.52622867,True,False,False
100000,116,2,1.3692245069416553,13.795802230153908,0.0013207318012717943,False,False,False
196841,116,2,1.3692245069416553,13.029373902774205,0.004902789816652164,False,False,False
387467,116,2,1.3692245069416553,12.343613789443232,0.016940515424118865,False,False,False
762698,116,2,1.3692245069416553,11.726432560707327,0.05507774067893639,False,False,False
1501310,116,2,1.3692245069416553,11.168030758052689,0.16998788093113013,False,False,False
2955209,116,2,1.3692245069416553,10.660392689338307,0.5016305722836235,False,False,False
5817091,116,2,1.3692245069416553,10.196897337615535,1.4238452621673554,False,False,False
11450475,116,2,1.3692245069416553,9.7720266164145,3.906725438264643,False,False,False
22539339,116,2,1.3692245069416553,9.381145517668621,10.405122807092757,False,False,False
44366873,116,2,1.3692245069416553,9.020332230985296,26.995964924738146,False,False,False
87332616,116,2,1.3692245069416553,8.686245849911561,68.4341201370183,False,False,False
171907220,116,2,1.3692245069416553,8.376022783071006,169.93609985612875,False,False,False
338385515,116,2,1.3692245069416553,8.087194411197057,414.2848445789317,False,False,False
666084629,116,2,1.3692245069416553,7.817621263800625,993.4464196676644,False,False,False
1311133937,116,2,1.3692245069416553,7.5654399327809125,2347.170240733281,False,False,False
2580861540,116,2,1.3692245069416553,7.329019934824048,5471.802604892127,False,False,False
5080218046,116,2,1.3692245069416553,7.10692842165159,12602.452573803366,False,False,False
10000000000,116,2,1.3692245069416553,6.897901115076954,28708.15981508552,False,False,False
30000000000,116,2,1.3692245069416553,6.583775206352255,106895.12404971803,False,False,False
70000000000,116,2,1.3692245069416553,6.360386129868391,290057.62955940666,False,False,False
100000000000,116,2,1.3692245069416553,6.270819195524504,439920.9899951613,False,False,False
300000000000,116,2,1.3692245069416553,6.010131776067431,1567182.2741293514,False,False,False
1000000000000,116,2,1.3692245069416553,5.748250929230796,6184893.4124110965,False,False,False
3000000000000,116,2,1.3692245069416553,5.528439592961171,21312414.81269904,False,False,False
10000000000000,116,2,1.3692245069416553,5.306077780828427,81470619.1518467,False,False,False
30000000000000,116,2,1.3692245069416553,5.118230358476089,273654118.2567358,True,False,False
100000000000000,116,2,1.3692245069416553,4.9270722250549674,1020541428.3444588,True,False,False
300000000000000,116,2,1.3692245069416553,4.764691124506664,3360045961.7504897,True,False,False
1000000000000000,116,2,1.3692245069416553,4.598600743384637,12288552409.80932,True,False,False
100000,118,2,1.3434872041795944,13.769870271074675,0.0013299509149517518,False,False,False
196841,118,2,1.3434872041795944,13.004882598445684,0.004929905385581715,False,False,False
387467,118,2,1.3434872041795944,12.320411507884131,0.01701226399295505,False,False,False
762698,118,2,1.3434872041795944,11.704390394239834,0.055246882812707315,False,False,False
1501310,118,2,1.3434872041795944,11.147038219033796,0.17033103076466882,False,False,False
2955209,118,2,1.3434872041795944,10.640354357215493,0.5021638031958001,False,False,False
5817091,118,2,1.3434872041795944,10.177730237356862,1.4241175256997962,False,False,False
11450475,118,2,1.3434872041795944,9.753658145331016,3.904353095154196,False,False,False
22539339,118,2,1.3434872041795944,9.363511785492554,10.39116673867411,False,False,False
44366873,118,2,1.3434872041795944,9.00337671927292,26.94147761533912,False,False,False
87332616,118,2,1.3434872041795944,8.669918320118496,68.25312093463553,False,False,False
171907220,118,2,1.3434872041795944,8.36027837934343,169.3878380654275,False,False,False
338385515,118,2,1.3434872041795944,8.071992917942929,412.7241117366895,False,False,False
666084629,118,2,1.3434872041795944,7.802926486988971,989.2024426937901,False,False,False
1311133937,118,2,1.3434872041795944,7.551219181027566,2336.0355893020405,False,False,False
2580861540,118,2,1.3434872041795944,7.315243581563102,5443.425541404228,False,False,False
5080218046,118,2,1.3434872041795944,7.093569533640968,12531.86286548113,False,False,False
10000000000,118,2,1.3434872041795944,6.884935135537337,28536.14343640686,False,False,False
30000000000,118,2,1.3434872041795944,6.571399689047083,106191.89849921242,False,False,False
70000000000,118,2,1.3434872041795944,6.348430516842324,288028.47230614006,False,False,False
100000000000,118,2,1.3434872041795944,6.25903194139758,436769.89277724444,False,False,False
300000000000,118,2,1.3434872041795944,5.9988345358868544,1555194.4962294695,False,False,False
1000000000000,118,2,1.3434872041795944,5.737445946281115,6134563.054994565,False,False,False
3000000000000,118,2,1.3434872041795944,5.518047789215005,21130249.94057452,False,False,False
10000000000000,118,2,1.3434872041795944,5.296103950413337,80740506.04580058,False,False,False
30000000000000,118,2,1.3434872041795944,5.1086096247195565,271105975.82212186,True,False,False
100000000000000,118,2,1.3434872041795944,4.917810811098098,1010675390.7320193,True,False,False
300000000000000,118,2,1.3434872041795944,4.755734938182404,3326547361.8446617,True,False,False
1000000000000000,118,2,1.3434872041795944,4.589956757024892,12162241768.648968,True,False,False
100000,120,3,3.520863017849971,36.69819312454735,3.842440156749772e-13,False,False,False
196841,120,3,3.520863017849971,34.6594182635373,5.091067219662443e-12,False,False,False
387467,120,3,3.520863017849971,32.83522879950417,5.491686800395496e-11,False,False,False
762698,120,3,3.520863017849971,31.19346592503427,4.974224850818788e-10,False,False,False
1501310,120,3,3.520863017849971,29.70806211501701,3.879351326278309e-09,False,False,False
2955209,120,3,3.520863017849971,28.357694838633925,2.658996674243731e-08,False,False,False
5817091,120,3,3.520863017849971,27.12475153848468,1.6291594415952726e-07,False,False,False
11450475,120,3,3.520863017849971,25.99455356090557,9.049684132351191e-07,False,False,False
22539339,120,3,3.520863017849971,24.954771327788453,4.611921673936206e-06,False,False,False
44366873,120,3,3.520863017849971,23.99497243710375,2.1780593530204268e-05,False,False,False
87332616,120,3,3.520863017849971,23.106269748533222,9.614137850204118e-05,False,False,False
171907220,120,3,3.520863017849971,22.281045826888395,0.00039956306244455416,False,False,False
338385515,120,3,3.520863017849971,21.512733901706458,0.0015733878565856218,False,False,False
666084629,120,3,3.520863017849971,20.795642770701175,0.005902497170338526,False,False,False
1311133937,120,3,3.520863017849971,20.124815584737405,0.021195882996709898,False,False,False
2580861540,120,3,3.520863017849971,19.49591509756151,0.07316265477195928,False,False,False
5080218046,120,3,3.520863017849971,18.905129791585516,0.24363281629116437,False,False,False
10000000000,120,3,3.520863017849971,18.349096562273676,0.7852154322184788,False,False,False
30000000000,120,3,3.520863017849971,17.513490696700583,4.92512473993214,False,False,False
70000000000,120,3,3.520863017849971,16.919253744477494,19.364256129183968,False,False,False
100000000000,120,3,3.520863017849971,16.68099687479425,34.07739806363514,False,False,False
300000000000,120,3,3.520863017849971,15.987542655548834,187.13692429049513,False,False,False
1000000000000,120,3,3.520863017849971,15.29091380189473,1140.7247290052878,False,False,False
3000000000000,120,3,3.520863017849971,14.706193991128242,5661.858796824813,False,False,False
10000000000000,120,3,3.520863017849971,14.114689663287443,31307.179849708802,False,False,False
30000000000000,120,3,3.520863017849971,13.614997012695019,143640.72266623066,True,False,False
100000000000000,120,3,3.520863017849971,13.106497544481197,735742.4650999588,True,False,False
300000000000000,120,3,3.520863017849971,12.674547818884722,3171849.468845968,True,False,False
1000000000000000,120,3,3.520863017849971,12.232731041515784,15283208.167590138,True,False,False
100000,122,2,1.342701998332616,14.228324876678316,0.000840383289243659,False,False,False
196841,122,2,1.342701998332616,13.437867674210436,0.003195520854017441,False,False,False
387467,122,2,1.342701998332616,12.730607776078948,0.011281380267500212,False,False,False
762698,122,2,1.342701998332616,12.094076831104388,0.03739514405415779,False,False,False
1501310,122,2,1.342701998332616,11.518168150525662,0.117451939871464,False,False,False
2955209,122,2,1.342701998332616,10.994614736165271,0.35215850210136995,False,False,False
5817091,122,2,1.342701998332616,10.516587990556559,1.0142099794756618,False,False,False
11450475,122,2,1.342701998332616,10.078396825520592,2.8200900140921017,False,False,False
22539339,122,2,1.342701998332616,9.67526091734171,7.603603935612449,False,False,False
44366873,122,2,1.342701998332616,9.303135499978785,19.951884753957472,False,False,False
87332616,122,2,1.342701998332616,8.958574923689786,51.110089966590486,False,False,False
171907220,122,2,1.342701998332616,8.638625818475797,128.15736487933427,False,False,False
338385515,122,2,1.342701998332616,8.340742169517545,315.2750660841359,False,False,False
666084629,122,2,1.342701998332616,8.06271743016592,762.4397107103525,False,False,False
1311133937,122,2,1.342701998332616,7.802629771201155,1815.680058517509,False,False,False
2580861540,122,2,1.342701998332616,7.5587975907918565,4264.265388175394,False,False,False
5080218046,122,2,1.342701998332616,7.329743118347773,9889.921627451416,False,False,False
10000000000,122,2,1.342701998332616,7.114162438339158,22677.189407612666,False,False,False
30000000000,122,2,1.342701998332616,6.790188130288573,85274.4394584086,False,False,False
70000000000,122,2,1.342701998332616,6.559795413642758,233016.62809352312,False,False,False
100000000000,122,2,1.342701998332616,6.467420398490143,354402.54993281484,False,False,False
300000000000,122,2,1.342701998332616,6.198559970265755,1272890.8289184181,False,False,False
1000000000000,122,2,1.342701998332616,5.928468698615965,5064885.225947588,False,False,False
3000000000000,122,2,1.342701998332616,5.70176589062811,17573690.65432366,False,False,False
10000000000000,122,2,1.342701998332616,5.4724326448762755,67648627.36343832,False,False,False
30000000000000,122,2,1.342701998332616,5.278695875684721,228569180.49075976,True,False,False
100000000000000,122,2,1.342701998332616,5.081544598813684,857529583.3140526,True,False,False
300000000000000,122,2,1.342701998332616,4.9140725653726784,2837753409.842853,True,False,False
1000000000000000,122,2,1.342701998332616,4.742774958892772,10432577782.652521,True,False,False
100000,124,2,1.3658520327866268,14.71091362320217,0.0005276133750809842,False,False,False
196841,124,2,1.3658520327866268,13.893646114262797,0.0020607419532822882,False,False,False
387467,124,2,1.3658520327866268,13.16239775152538,0.0074518182322701335,False,False,False
762698,124,2,1.3658520327866268,12.5042772889146,0.02524012104483699,False,False,False
1501310,124,2,1.3658520327866268,11.90883524438182,0.080838761096797,False,False,False
2955209,124,2,1.3658520327866268,11.367524224107566,0.2467230147766245,False,False,False
5817091,124,2,1.3658520327866268,10.873284021892566,0.7221722220093826,False,False,False
11450475,124,2,1.3658520327866268,10.42023052225956,2.038123519079133,False,False,False
22539339,124,2,1.3658520327866268,10.003421265018648,5.570898896136337,False,False,False
44366873,124,2,1.3658520327866268,9.618674295907969,14.803731097586665,False,False,False
87332616,124,2,1.3658520327866268,9.262427097472369,38.36801587531657,False,False,False
171907220,124,2,1.3658520327866268,8.931626128881986,97.25661929215184,False,False,False
338385515,124,2,1.3658520327866268,8.623639020942676,241.6868948192423,False,False,False
666084629,124,2,1.3658520327866268,8.336184386531073,590.0167429797104,False,False,False
1311133937,124,2,1.3658520327866268,8.067275212847322,1417.520299483348,False,False,False
2580861540,124,2,1.3658520327866268,7.815172862384571,3356.803177973513,False,False,False
5080218046,124,2,1.3658520327866268,7.578349442316607,7846.003787914851,False,False,False
10000000000,124,2,1.3658520327866268,7.355456811601085,18122.59690594645,False,False,False
30000000000,124,2,1.3658520327866268,7.020494115487733,68900.48402994392,False,False,False
70000000000,124,2,1.3658520327866268,6.7822870613638235,189750.98396826774,False,False,False
100000000000,124,2,1.3658520327866268,6.68677891963735,289504.0614164918,False,False,False
300000000000,124,2,1.3658520327866268,6.408799426577765,1049323.356483681,False,False,False
1000000000000,124,2,1.3658520327866268,6.129547343000905,4213725.891623383,False,False,False
3000000000000,124,2,1.3658520327866268,5.895155349891924,14733265.680027919,False,False,False
10000000000000,124,2,1.3658520327866268,5.6580437012316045,57157490.05011962,False,False,False
30000000000000,124,2,1.3658520327866268,5.457735871468262,194395231.2944316,True,False,False
100000000000000,124,2,1.3658520327866268,5.253897722572204,734211392.2840747,True,False,False
300000000000000,124,2,1.3658520327866268,5.080745461880514,2443506806.077804,True,False,False
1000000000000000,124,2,1.3658520327866268,4.903637874400724,9035532927.706772,True,False,False
100000,126,3,3.1687767160649742,34.67979250269725,2.6027345321485364e-12,False,False,False
196841,126,3,3.1687767160649742,32.75315025904275,3.082712447813463e-11,False,False,False
387467,126,3,3.1687767160649742,31.029291215531444,3.0078557012182883e-10,False,False,False
762698,126,3,3.1687767160649742,29.477825299157388,2.4892079482835114e-09,False,False,False
1501310,126,3,3.1687767160649742,28.074118698691077,1.789016027466928e-08,False,False,False
2955209,126,3,3.1687767160649742,26.79802162250906,1.1384599966100124e-07,False,False,False
5817091,126,3,3.1687767160649742,25.632890203868023,6.517983316226378e-07,False,False,False
11450475,126,3,3.1687767160649742,24.564853115055765,3.40241233998532e-06,False,False,False
22539339,126,3,3.1687767160649742,23.58225890476009,1.6375667213137867e-05,False,False,False
44366873,126,3,3.1687767160649742,22.675248953063043,7.336025740054702e-05,False,False,False
87332616,126,3,3.1687767160649742,21.835424912363894,0.00030837115967923326,False,False,False
171907220,126,3,3.1687767160649742,21.055588306409536,0.0012247213295251136,False,False,False
338385515,126,3,3.1687767160649742,20.329533537112606,0.0046231256033845754,False,False,False
666084629,126,3,3.1687767160649742,19.65188241831261,0.016672744950556886,False,False,False
1311133937,126,3,3.1687767160649742,19.01795072757685,0.05770312353206013,False,False,False
2580861540,126,3,3.1687767160649742,18.423639767195628,0.19240449962412676,False,False,False
5080218046,126,3,3.1687767160649742,17.86534765304831,0.6202259601397231,False,False,False
10000000000,126,3,3.1687767160649742,17.339896251348623,1.9387484429039095,False,False,False
30000000000,126,3,3.1687767160649742,16.550248708382053,11.61423005145147,False,False,False
70000000000,126,3,3.1687767160649742,15.988694788531234,44.19569293202439,False,False,False
100000000000,126,3,3.1687767160649742,15.763542046680566,76.76345369929221,False,False,False
300000000000,126,3,3.1687767160649742,15.10822780949365,405.7734077335231,False,False,False
1000000000000,126,3,3.1687767160649742,14.44991354279052,2380.4832923028493,False,False,False
3000000000000,126,3,3.1687767160649742,13.897353321616189,11441.331871257087,False,False,False
10000000000000,126,3,3.1687767160649742,13.338381731806635,61239.651205129965,False,False,False
30000000000000,126,3,3.1687767160649742,12.866172176996793,273357.24254187464,True,False,False
100000000000000,126,3,3.1687767160649742,12.38564017953473,1361547.221888686,True,False,False
300000000000000,126,3,3.1687767160649742,11.977447688846064,5731942.398468758,True,False,False
1000000000000000,126,3,3.1687767160649742,11.559930834232416,26955690.138615698,True,False,False
100000,128,1,1.3203236316937392,14.67927724981894,0.0005264195892962129,False,False,False
196841,128,1,1.3203236316937392,13.863767305414921,0.00205246876997088,False,False,False
387467,128,1,1.3203236316937392,13.134091519801668,0.007410239357069514,False,False,False
762698,128,1,1.3203236316937392,12.47738637001371,0.02506379064105859,False,False,False
1501310,128,1,1.3203236316937392,11.883224846006804,0.08017128543113974,False,False,False
2955209,128,1,1.3203236316937392,11.34307793545357,0.24440117786579696,False,False,False
5817091,128,1,1.3203236316937392,10.84990061539387,0.7146161174993318,False,False,False
11450475,128,1,1.3203236316937392,10.397821424362228,2.014834558718252,False,False,False
22539339,128,1,1.3203236316937392,9.981908531115382,5.502307803451469,False,False,False
44366873,128,1,1.3203236316937392,9.5979889748415,14.60936877126455,False,False,False
87332616,128,1,1.3203236316937392,9.242507899413289,37.835273882746286,False,False,False
171907220,128,1,1.3203236316937392,8.912418330755358,95.83800242452132,False,False,False
338385515,128,1,1.3203236316937392,8.605093560682583,238.00387950228995,False,False,False
666084629,128,1,1.3203236316937392,8.31825710828047,580.6665344253156,False,False,False
1311133937,128,1,1.3203236316937392,8.049926233894963,1394.2498161396456,False,False,False
2580861540,128,1,1.3203236316937392,7.798366039024605,3299.907235526368,False,False,False
5080218046,128,1,1.3203236316937392,7.562051916634205,7709.091175651273,False,False,False
10000000000,128,1,1.3203236316937392,7.33963862490947,17797.82470893777,False,False,False
30000000000,128,1,1.3203236316937392,7.005396278680233,67617.00388875879,False,False,False
70000000000,128,1,1.3203236316937392,6.767701497790998,186120.92814301932,False,False,False
100000000000,128,1,1.3203236316937392,6.6723987499177,283907.3475838481,False,False,False
300000000000,128,1,1.3203236316937392,6.395017062219534,1028422.779637806,False,False,False
1000000000000,128,1,1.3203236316937392,6.116365520757892,4127316.9079378047,False,False,False
3000000000000,128,1,1.3203236316937392,5.882477596451296,14423864.767204879,False,False,False
10000000000000,128,1,1.3203236316937392,5.645875865314977,55928647.43629731,False,False,False
30000000000000,128,1,1.3203236316937392,5.445998805078007,190133959.94341135,True,False,False
100000000000000,128,1,1.3203236316937392,5.242599017792479,717802269.6354525,True,False,False
300000000000000,128,1,1.3203236316937392,5.069819127553889,2388006710.8279395,True,False,False
1000000000000000,128,1,1.3203236316937392,4.893092416606314,8826943570.842798,True,False,False
100000,130,3,1.920470737009075,21.68529593723252,6.940393325446911e-07,False,False,False
196841,130,3,1.920470737009075,20.480565337544764,3.993603846495779e-06,False,False,False
387467,130,3,1.920470737009075,19.402635199707007,2.0425166432915635e-05,False,False,False
762698,130,3,1.920470737009075,18.432502592065703,9.451482561529676e-05,False,False,False
1501310,130,3,1.920470737009075,17.554763977055504,0.0004014467958347382,False,False,False
2955209,130,3,1.920470737009075,16.75681967737459,0.0015836982147099776,False,False,False
5817091,130,3,1.920470737009075,16.028262272740943,0.005859576269434907,False,False,False
11450475,130,3,1.920470737009075,15.360418013262379,0.020499268994358454,False,False,False
22539339,130,3,1.920470737009075,14.74600123914772,0.06827363163863039,False,False,False
44366873,130,3,1.920470737009075,14.178847349197667,0.2177294797522338,False,False,False
87332616,130,3,1.920470737009075,13.653704851405992,0.6681372492784896,False,False,False
171907220,130,3,1.920470737009075,13.166072534070413,1.9811917101384606,False,False,False
338385515,130,3,1.920470737009075,12.712070032826542,5.697365934435056,False,False,False
666084629,130,3,1.920470737009075,12.288334364505237,15.939380916104167,False,False,False
1311133937,130,3,1.920470737009075,11.891936481890284,43.50148105886666,False,False,False
2580861540,130,3,1.920470737009075,11.520313466740891,116.09347183807151,False,False,False
5080218046,130,3,1.920470737009075,11.171213058664165,303.59297035970235,False,False,False
10000000000,130,3,1.920470737009075,10.84264796861626,779.393168027162,False,False,False
30000000000,130,3,1.920470737009075,10.348880866232161,3473.1721829744783,False,False,False
70000000000,130,3,1.920470737009075,9.997740849009428,10708.638069408336,False,False,False
100000000000,130,3,1.920470737009075,9.856952698742054,17095.02430153272,False,False,False
300000000000,130,3,1.920470737009075,9.447184296460673,70690.2630185871,False,False,False
1000000000000,130,3,1.920470737009075,9.035539973846884,324051.2920608595,False,False,False
3000000000000,130,3,1.920470737009075,8.690023722030322,1266214.1119423849,False,False,False
10000000000000,130,3,1.920470737009075,8.340498437397123,5496698.299220961,False,False,False
30000000000000,130,3,1.920470737009075,8.0452255075016,20556878.86897197,True,False,False
100000000000000,130,3,1.920470737009075,7.744748549011614,85518955.9907769,True,False,False
300000000000000,130,3,1.920470737009075,7.489505529340971,308962939.37047976,True,False,False
1000000000000000,130,3,1.920470737009075,7.228431979077508,1242546248.2131908,True,False,False
100000,132,3,2.9340525148749763,33.64001036416841,6.816756231705469e-12,False,False,False
196841,132,3,2.9340525148749763,31.77113340824253,7.620680605113525e-11,False,False,False
387467,132,3,2.9340525148749763,30.098959732878825,7.061079014795547e-10,False,False,False
762698,132,3,2.9340525148749763,28.59401043128142,5.577933646458967e-09,False,False,False
1501310,132,3,2.9340525148749763,27.23239027209893,3.843691176725965e-08,False,False,False
2955209,132,3,2.9340525148749763,25.9945536020811,2.354158757776887e-07,False,False,False
5817091,132,3,2.9340525148749763,24.86435557694429,1.3015469434878574e-06,False,False,False
11450475,132,3,2.9340525148749763,23.828340764163443,6.580008265913036e-06,False,False,False
22539339,132,3,2.9340525148749763,22.875207050472753,3.074991837209276e-05,False,False,False
44366873,132,3,2.9340525148749763,21.99539140067844,0.00013405884534515688,False,False,False
87332616,132,3,2.9340525148749763,21.180747269488787,0.0005495065661552892,False,False,False
171907220,132,3,2.9340525148749763,20.42429200798103,0.002131974593117266,False,False,False
338385515,132,3,2.9340525148749763,19.720006076564257,0.007874560969766143,False,False,False
666084629,132,3,2.9340525148749763,19.062672539809412,0.0278274845359697,False,False,False
1311133937,132,3,2.9340525148749763,18.447747619342625,0.09449560950458714,False,False,False
2580861540,132,3,2.9340525148749763,17.871255506098052,0.309520134439148,False,False,False
5080218046,132,3,2.9340525148749763,17.32970230895339,0.9811920072317312,False,False,False
10000000000,132,3,2.9340525148749763,16.820005182084206,3.0191419258241146,False,False,False
30000000000,132,3,2.9340525148749763,16.054033138642204,17.663239287570626,False,False,False
70000000000,132,3,2.9340525148749763,15.509315932437707,66.09183103782976,False,False,False
100000000000,132,3,2.9340525148749763,15.29091380189473,114.0225079716596,False,False,False
300000000000,132,3,2.9340525148749763,14.6552474342531,590.9989429788334,False,False,False
1000000000000,132,3,2.9340525148749763,14.01667098507017,3399.352756094565,False,False,False
3000000000000,132,3,2.9340525148749763,13.480677825200889,16069.882320102637,False,False,False
10000000000000,132,3,2.9340525148749763,12.938465524680158,84584.41596765805,False,False,False
30000000000000,132,3,2.9340525148749763,12.480413928303769,372254.1157943164,True,False,False
100000000000000,132,3,2.9340525148749763,12.014289415774432,1827614.2702676998,True,False,False
300000000000000,132,3,2.9340525148749763,11.618335500644331,7600435.952858263,True,False,False
1000000000000000,132,3,2.9340525148749763,11.213336788056136,35298039.24671693,True,False,False
100000,134,2,1.340636302950566,15.603789422764267,0.0002120567425109469,False,False,False
196841,134,2,1.340636302950566,14.73691803474634,0.0008703673539132842,False,False,False
387467,134,2,1.340636302950566,13.9612867068661,0.0032901561503102723,False,False,False
762698,134,2,1.340636302950566,13.263221761586687,0.011598273852246039,False,False,False
1501310,134,2,1.340636302950566,12.631639487750501,0.038513862604365456,False,False,False
2955209,134,2,1.340636302950566,12.057473709273001,0.12147187384749797,False,False,False
5817091,134,2,1.340636302950566,11.533235702228774,0.36638250569918784,False,False,False
11450475,134,2,1.340636302950566,11.052684215992734,1.0628370209128855,False,False,False
22539339,134,2,1.340636302950566,10.610576808796205,2.979533662888969,False,False,False
44366873,134,2,1.340636302950566,10.20247770354546,8.104680732638409,False,False,False
87332616,134,2,1.340636302950566,9.824608156539798,21.464685589866058,False,False,False
171907220,134,2,1.340636302950566,9.473729292932738,55.51292082349307,False,False,False
338385515,134,2,1.340636302950566,9.147048972437112,140.5550229239958,False,False,False
666084629,134,2,1.340636302950566,8.842147339619286,349.168244438315,False,False,False
1311133937,134,2,1.340636302950566,8.556916780356616,852.6837334704194,False,False,False
2580861540,134,2,1.340636302950566,8.28951313090548,2050.3586680698877,False,False,False
5080218046,134,2,1.340636302950566,8.03831576330684,4861.776616365909,False,False,False
10000000000,134,2,1.340636302950566,7.8018947113821335,11382.619971025655,False,False,False
30000000000,134,2,1.340636302950566,7.446601525077882,44164.51832901575,False,False,False
70000000000,134,2,1.340636302950566,7.193936544046104,123399.74433611611,False,False,False
100000000000,134,2,1.340636302950566,7.0926315558019395,189366.18177172472,False,False,False
300000000000,134,2,1.340636302950566,6.7977801560420135,698046.6986375129,False,False,False
1000000000000,134,2,1.340636302950566,6.501578926151779,2851033.6236504707,False,False,False
3000000000000,134,2,1.340636302950566,6.252960560458565,10111451.752695393,False,False,False
10000000000000,134,2,1.340636302950566,6.001457470293949,39795848.29051841,False,False,False
30000000000000,134,2,1.340636302950566,5.78899199905167,137003045.3233583,True,False,False
100000000000000,134,2,1.340636302950566,5.572781936701523,523888404.8848469,True,False,False
300000000000000,134,2,1.340636302950566,5.3891202360681,1761957433.8687534,True,False,False
1000000000000000,134,2,1.340636302950566,5.201263140921423,6585732462.943465,True,False,False
100000,136,2,1.4083452071399885,16.636514216461464,7.931284913818035e-05,False,False,False
196841,136,2,1.4083452071399885,15.712269612803576,0.00034475528253488365,False,False,False
387467,136,2,1.4083452071399885,14.88530372244189,0.0013718895994355765,False,False,False
762698,136,2,1.4083452071399885,14.141037886015535,0.005064782554472955,False,False,False
1501310,136,2,1.4083452071399885,13.467654825474378,0.01753631643380399,False,False,False
2955209,136,2,1.4083452071399885,12.855488326847379,0.05745138870697259,False,False,False
5817091,136,2,1.4083452071399885,12.29655403077972,0.17940227050741203,False,False,False
11450475,136,2,1.4083452071399885,11.784197614277192,0.5372452517278595,False,False,False
22539339,136,2,1.4083452071399885,11.31282966859743,1.5508218070363244,False,False,False
44366873,136,2,1.4083452071399885,10.8777208381537,4.333908008741285,False,False,False
87332616,136,2,1.4083452071399885,10.474842286001726,11.76872952379013,False,False,False
171907220,136,2,1.4083452071399885,10.100740774856071,31.151904043919714,False,False,False
338385515,136,2,1.4083452071399885,9.752439368773594,80.59847163718362,False,False,False
666084629,136,2,1.4083452071399885,9.427358056051197,204.30504883574096,False,False,False
1311133937,136,2,1.4083452071399885,9.123249731747624,508.42962399336113,False,False,False
2580861540,136,2,1.4083452071399885,8.838148177561218,1244.3965831192081,False,False,False
5080218046,136,2,1.4083452071399885,8.570325505518765,3000.1588486907167,False,False,False
10000000000,136,2,1.4083452071399885,8.318257108230732,7134.886050354812,False,False,False
30000000000,136,2,1.4083452071399885,7.939449115837597,28342.010452880815,False,False,False
70000000000,136,2,1.4083452071399885,7.670061697496464,80525.58300132283,False,False,False
100000000000,136,2,1.4083452071399885,7.562051916573393,124403.87116529701,False,False,False
300000000000,136,2,1.4083452071399885,7.247686003848805,467617.7577364594,False,False,False
1000000000000,136,2,1.4083452071399885,6.93188092352561,1947702.855085277,False,False,False
3000000000000,136,2,1.4083452071399885,6.666807942644802,7022310.432028225,False,False,False
10000000000000,136,2,1.4083452071399885,6.39865931402364,28101748.47793006,False,False,False
30000000000000,136,2,1.4083452071399885,6.172131979088408,98114407.69207856,True,False,False
100000000000000,136,2,1.4083452071399885,5.941612220164808,380588774.19523984,True,False,False
300000000000000,136,2,1.4083452071399885,5.745795011227741,1295661846.8184423,True,False,False
1000000000000000,136,2,1.4083452071399885,5.5455047388204886,4903430254.587165,True,False,False
100000,138,3,2.766392371167835,33.15943878753743,1.0392816116839775e-11,False,False,False
196841,138,3,2.766392371167835,31.317260073839066,1.1312389243483423e-10,False,False,False
387467,138,3,2.766392371167835,29.668974593837703,1.023427635672381e-09,False,False,False
762698,138,3,2.766392371167835,28.1855245679774,7.91265800918685e-09,False,False,False
1501310,138,3,2.766392371167835,26.84335612535466,5.347487345618739e-08,False,False,False
2955209,138,3,2.766392371167835,25.623202836337086,3.2177865424056154e-07,False,False,False
5817091,138,3,2.766392371167835,24.50915049727366,1.7505291141985828e-06,False,False,False
11450475,138,3,2.766392371167835,23.487935896103966,8.719835469713547e-06,False,False,False
22539339,138,3,2.766392371167835,22.54841837832314,4.019873437054512e-05,False,False,False
44366873,138,3,2.766392371167835,21.68117152352589,0.00017306343871440364,False,False,False
87332616,138,3,2.766392371167835,20.87816516563895,0.000701178385057315,False,False,False
171907220,138,3,2.766392371167835,20.132516407867016,0.002691190577056409,False,False,False
338385515,138,3,2.766392371167835,19.43829170404191,0.009840547067270397,False,False,False
666084629,138,3,2.766392371167835,18.790348646383563,0.034449951102323705,False,False,False
1311133937,138,3,2.766392371167835,18.18420836763773,0.11596079094034306,False,False,False
2580861540,138,3,2.766392371167835,17.615951856010938,0.3767140060061342,False,False,False
5080218046,138,3,2.766392371167835,17.082135133111198,1.1849961946035,False,False,False
10000000000,138,3,2.766392371167835,16.579719393768716,3.619797006760237,False,False,False
30000000000,138,3,2.766392371167835,15.824689808090172,20.94685328726921,False,False,False
70000000000,138,3,2.766392371167835,15.287754276260026,77.77082108164477,False,False,False
100000000000,138,3,2.766392371167835,15.072472176153378,133.75329125299976,False,False,False
300000000000,138,3,2.766392371167835,14.445886756620913,687.0000784976619,False,False,False
1000000000000,138,3,2.766392371167835,13.816432828140597,3915.6553283952703,False,False,False
3000000000000,138,3,2.766392371167835,13.288096713412305,18369.422627216994,False,False,False
10000000000000,138,3,2.766392371167835,12.753630302899012,95942.08833987216,False,False,False
30000000000000,138,3,2.766392371167835,12.302122300756572,419485.0365562049,True,False,False
100000000000000,138,3,2.766392371167835,11.842656709834797,2045830.142534315,True,False,False
300000000000000,138,3,2.766392371167835,11.452359279206554,8459933.63716115,True,False,False
1000000000000000,138,3,2.766392371167835,11.053146262512477,39063066.996375434,True,False,False
100000,140,3,2.1125178107099827,25.688735187183145,1.3934942907823609e-08,False,False,False
196841,140,3,2.1125178107099827,24.26159278447611,1.0015630891367961e-07,False,False,False
387467,140,3,2.1125178107099827,22.98466015965292,6.250353999445984e-07,False,False,False
762698,140,3,2.1125178107099827,21.83542614752399,3.459566635461359e-06,False,False,False
1501310,140,3,2.1125178107099827,20.79564348051191,1.727923838506948e-05,False,False,False
2955209,140,3,2.1125178107099827,19.85038638704375,7.898527979068932e-05,False,False,False
5817091,140,3,2.1125178107099827,18.987326076939276,0.0003343134234730316,False,False,False
11450475,140,3,2.1125178107099827,18.1961874926339,0.0013230371000819102,False,False,False
22539339,140,3,2.1125178107099827,17.46833992945192,0.004935703000666658,False,False,False
44366873,140,3,2.1125178107099827,16.796480705972623,0.017477777147629034,False,False,False
87332616,140,3,2.1125178107099827,16.174388823973256,0.059093434251242465,False,False,False
171907220,140,3,2.1125178107099827,15.596732078821876,0.1917331288990453,False,False,False
338385515,140,3,2.1125178107099827,15.05891373119452,0.5995777825069937,False,False,False
666084629,140,3,2.1125178107099827,14.55694993949082,1.813914902442087,False,False,False
1311133937,140,3,2.1125178107099827,14.087370909316183,5.326374163747517,False,False,False
2580861540,140,3,2.1125178107099827,13.647140568293057,15.224085355062028,False,False,False
5080218046,140,3,2.1125178107099827,13.23359085410986,42.46245506800702,False,False,False
10000000000,140,3,2.1125178107099827,12.844367593591572,115.82798261440199,False,False,False
30000000000,140,3,2.1125178107099827,12.259443487690408,565.4213398386277,False,False,False
70000000000,140,3,2.1125178107099827,11.843477621134246,1860.0885975190417,False,False,False
100000000000,140,3,2.1125178107099827,11.676697812355975,3047.5942559555688,False,False,False
300000000000,140,3,2.1125178107099827,11.191279858884185,13592.558288182261,False,False,False
1000000000000,140,3,2.1125178107099827,10.703639661326312,67229.51110095353,False,False,False
3000000000000,140,3,2.1125178107099827,10.294335793789768,279998.66105350235,False,False,False
10000000000000,140,3,2.1125178107099827,9.88028276430121,1296506.650610613,False,False,False
30000000000000,140,3,2.1125178107099827,9.530497908886513,5120404.3036929425,True,False,False
100000000000000,140,3,2.1125178107099827,9.174548281136838,22516502.989214282,True,False,False
300000000000000,140,3,2.1125178107099827,8.872183473219307,85272632.80001727,True,False,False
1000000000000000,140,3,2.1125178107099827,8.56291172906105,359871998.6796574,True,False,False
100000,142,2,1.33945875679075,16.52083512943844,8.468423449482696e-05,False,False,False
196841,142,2,1.33945875679075,15.603017098711993,0.0003657454390749846,False,False,False
387467,142,2,1.33945875679075,14.781801370791282,0.001447071164483739,False,False,False
762698,142,2,1.33945875679075,14.042710656469234,0.005314764230998283,False,False,False
1501310,142,2,1.33945875679075,13.374009847068349,0.01831589294950949,False,False,False
2955209,142,2,1.33945875679075,12.766099940942992,0.05975051312654192,False,False,False
5817091,142,2,1.33945875679075,12.211052096582325,0.18585796559583811,False,False,False
11450475,142,2,1.33945875679075,11.702258260661296,0.5545984105890471,False,False,False
22539339,142,2,1.33945875679075,11.234167889412014,1.5956752230874103,False,False,False
44366873,142,2,1.33945875679075,10.802084511993266,4.445783948924397,False,False,False
87332616,142,2,1.33945875679075,10.402007305272656,12.038756701886324,False,False,False
171907220,142,2,1.33945875679075,10.03050704344523,31.783882322625328,False,False,False
338385515,142,2,1.33945875679075,9.68462749017039,82.03465516380165,False,False,False
666084629,142,2,1.33945875679075,9.361806573404424,207.47605041692083,False,False,False
1311133937,142,2,1.33945875679075,9.059812813056604,515.2302775962913,False,False,False
2580861540,142,2,1.33945875679075,8.776693662579776,1258.5439676415494,False,False,False
5080218046,142,2,1.33945875679075,8.51073324856703,3028.621937912395,False,False,False
10000000000,142,2,1.33945875679075,8.26041756471922,7189.963103721415,False,False,False
30000000000,142,2,1.33945875679075,7.884243547337129,28485.66439466946,False,False,False
70000000000,142,2,1.33945875679075,7.616729267214961,80782.27573841327,False,False,False
100000000000,142,2,1.33945875679075,7.509470513381108,124706.74212938389,False,False,False
300000000000,142,2,1.33945875679075,7.197290488956315,467732.6801319223,False,False,False
1000000000000,142,2,1.33945875679075,6.883681303932683,1943908.2162012209,False,False,False
3000000000000,142,2,1.33945875679075,6.620451461585812,6995723.142121447,False,False,False
10000000000000,142,2,1.33945875679075,6.354167357476323,27943202.578342997,False,False,False
30000000000000,142,2,1.33945875679075,6.129215140678827,97407311.82598743,True,False,False
100000000000000,142,2,1.33945875679075,5.900298260513727,377240771.7193743,True,False,False
300000000000000,142,2,1.33945875679075,5.7058426322334315,1282516596.2545547,True,False,False
1000000000000000,142,2,1.33945875679075,5.506945043146146,4846927136.937856,True,False,False
100000,144,2,2.6406472633874785,33.02837381209262,1.1309688743467487e-11,False,False,False
196841,144,2,2.6406472633874785,31.19347643718357,1.2221077675841974e-10,False,False,False
387467,144,2,2.6406472633874785,29.551705919553754,1.0984565734345715e-09,False,False,False
762698,144,2,2.6406472633874785,28.074119332530845,8.443095245688273e-09,False,False,False
1501310,144,2,2.6406472633874785,26.73725590351531,5.675774340731813e-08,False,False,False
2955209,144,2,2.6406472633874785,25.521925354770534,3.398897722940762e-07,False,False,False
5817091,144,2,2.6406472633874785,24.41227638463621,1.8409324143727829e-06,False,False,False
11450475,144,2,2.6406472633874785,23.395098204815014,9.13321752814023e-06,False,False,False
22539339,144,2,2.6406472633874785,22.45929419500961,4.1948374325322406e-05,False,False,False
44366873,144,2,2.6406472633874785,21.595475193393376,0.00017997798530499116,False,False,False
87332616,144,2,2.6406472633874785,20.795642773679898,0.0007268823996088849,False,False,False
171907220,144,2,2.6406472633874785,20.052941244199555,0.0027816348695783263,False,False,False
338385515,144,2,2.6406472633874785,19.361460511535814,0.010143392240065701,False,False,False
666084629,144,2,2.6406472633874785,18.716078493631056,0.03541932996055038,False,False,False
1311133937,144,2,2.6406472633874785,18.112334026263664,0.11893848784143916,False,False,False
2580861540,144,2,2.6406472633874785,17.54632358780536,0.38552056865867257,False,False,False
5080218046,144,2,2.6406472633874785,17.01461681242696,1.210142193902606,False,False,False
10000000000,144,2,2.6406472633874785,16.51418690604631,3.689276693705108,False,False,False
30000000000,144,2,2.6406472633874785,15.762141627030525,21.285297995203607,False,False,False
70000000000,144,2,2.6406472633874785,15.227328370029745,78.85984800670819,False,False,False
100000000000,144,2,2.6406472633874785,15.012897187314824,135.51088459068328,False,False,False
300000000000,144,2,2.6406472633874785,14.388788389993952,694.3059805292625,False,False,False
1000000000000,144,2,2.6406472633874785,13.761822421705258,3947.463005013079,False,False,False
3000000000000,144,2,2.6406472633874785,13.235574592015416,18480.009389340423,False,False,False
10000000000000,144,2,2.6406472633874785,12.703220696958699,96315.99044817427,False,False,False
30000000000000,144,2,2.6406472633874785,12.253497311425518,420368.97152763454,True,False,False
100000000000000,144,2,2.6406472633874785,11.795847790033077,2046421.2767735736,True,False,False
300000000000000,144,2,2.6406472633874785,11.407093036996251,8449333.44370209,True,False,False
1000000000000000,144,2,2.6406472633874785,11.009457937364205,38952608.94649679,True,False,False
100000,146,2,1.3389197391823835,16.979375269596908,5.351632862203849e-05,False,False,False
196841,146,2,1.3389197391823835,16.03608295714367,0.00023709697054061674,False,False,False
387467,146,2,1.3389197391823835,15.192074169911438,0.0009597008406097994,False,False,False
762698,146,2,1.3389197391823835,14.432469797709519,0.003597816072752075,False,False,False
1501310,146,2,1.3389197391823835,13.745209020821251,0.012631168891646819,False,False,False
2955209,146,2,1.3389197391823835,13.120426414776402,0.041906829520255484,False,False,False
5817091,146,2,1.3389197391823835,12.549973070974955,0.13237771138309756,False,False,False
11450475,146,2,1.3389197391823835,12.027057527827438,0.40063168127488036,False,False,False
22539339,146,2,1.3389197391823835,11.545975184758461,1.1677597773662436,False,False,False
44366873,146,2,1.3389197391823835,11.101899219138849,3.292802471565998,False,False,False
87332616,146,2,1.3389197391823835,10.690717763934034,9.016157237791422,False,False,False
171907220,146,2,1.3389197391823835,10.308906414271604,24.050540006501716,False,False,False
338385515,146,2,1.3389197391823835,9.953426882690946,62.673574153102074,False,False,False
666084629,146,2,1.3389197391823835,9.621645986162445,159.93604316417824,False,False,False
1311133937,146,2,1.3389197391823835,9.311270309276392,400.5160938087393,False,False,False
2580861540,146,2,1.3389197391823835,9.020293112040784,986.0517180115896,False,False,False
5080218046,146,2,1.3389197391823835,8.746950896529354,2390.4641847752714,False,False,False
10000000000,146,2,1.3389197391823835,8.489687634798454,5714.538116969623,False,False,False
30000000000,146,2,1.3389197391823835,8.103072808262171,22877.850161581406,False,False,False
70000000000,146,2,1.3389197391823835,7.828133598677264,65362.6343421146,False,False,False
100000000000,146,2,1.3389197391823835,7.717897849816777,101203.67658722957,False,False,False
300000000000,146,2,1.3389197391823835,7.3970531864053415,382883.8745114051,False,False,False
1000000000000,146,2,1.3389197391823835,7.07473969566538,1605185.9455959948,False,False,False
3000000000000,146,2,1.3389197391823835,6.804203839557221,5819091.263065705,False,False,False
10000000000000,146,2,1.3389197391823835,6.530528949844965,23415773.649019763,False,False,False
30000000000000,146,2,1.3389197391823835,6.299333124887767,82136360.43244317,True,False,False
100000000000000,146,2,1.3389197391823835,6.06406259628461,320126683.7352708,True,False,False
300000000000000,146,2,1.3389197391823835,5.86420980070934,1094233999.4313502,True,False,False
1000000000000000,146,2,1.3389197391823835,5.659791756532304,4158255832.3153067,True,False,False
100000,148,2,1.358047164027846,17.457854729248954,3.363919787921199e-05,False,False,False
196841,148,2,1.358047164027846,16.487980402511315,0.00015304873582519578,False,False,False
387467,148,2,1.358047164027846,15.620187414621268,0.000634408457555925,False,False,False
762698,148,2,1.358047164027846,14.839177361480589,0.0024297881831879193,False,False,False
1501310,148,2,1.358047164027846,14.132549549000949,0.008697290911763085,False,False,False
2955209,148,2,1.358047164027846,13.490160544664423,0.029367814050203757,False,False,False
5817091,148,2,1.358047164027846,12.90363180330771,0.0942720912669075,False,False,False
11450475,148,2,1.358047164027846,12.365980479687934,0.28954310709085906,False,False,False
22539339,148,2,1.358047164027846,11.871341217362222,0.8554785967082841,False,False,False
44366873,148,2,1.358047164027846,11.414751173650783,2.442621133416652,False,False,False
87332616,148,2,1.358047164027846,10.991982608945088,6.766189018085102,False,False,False
171907220,148,2,1.358047164027846,10.599411800505479,18.244008021908936,False,False,False
338385515,148,2,1.358047164027846,10.233914841811787,48.02091138084315,False,False,False
666084629,148,2,1.358047164027846,9.892784346633558,123.69517582115193,False,False,False
1311133937,148,2,1.358047164027846,9.57366227102508,312.4819236663707,False,False,False
2580861540,148,2,1.358047164027846,9.274485324982832,775.6498759821374,False,False,False
5080218046,148,2,1.358047164027846,8.993440315139965,1894.9316760657498,False,False,False
10000000000,148,2,1.358047164027846,8.728927364624477,4562.899969976871,False,False,False
30000000000,148,2,1.358047164027846,8.331417717144705,18467.435295833966,False,False,False
70000000000,148,2,1.358047164027846,8.048730709872865,53172.33693301899,False,False,False
100000000000,148,2,1.358047164027846,7.935388513294979,82585.08189524827,False,False,False
300000000000,148,2,1.358047164027846,7.605502434711088,315281.89083336014,False,False,False
1000000000000,148,2,1.358047164027846,7.274106137187064,1333834.3939163068,False,False,False
3000000000000,148,2,1.358047164027846,6.995946570065291,4872397.00262553,False,False,False
10000000000000,148,2,1.358047164027846,6.714559511249598,19758108.34919121,False,False,False
30000000000000,148,2,1.358047164027846,6.476848578896345,69759246.5688088,True,False,False
100000000000000,148,2,1.358047164027846,6.234948117588911,273695429.7312553,True,False,False
300000000000000,148,2,1.358047164027846,6.029463462412304,940809642.9689837,True,False,False
1000000000000000,148,2,1.358047164027846,5.819284909749651,3595874431.4606276,True,False,False
100000,150,3,3.520863017849971,45.87274140568419,3.982459977295628e-17,False,False,False
196841,150,3,3.520863017849971,43.32427282942162,8.784363663232152e-16,False,False,False
387467,150,3,3.520863017849971,41.04403599938021,1.4950857111209255e-14,False,False,False
762698,150,3,3.520863017849971,38.991832406292836,2.04144593268379e-13,False,False,False
1501310,150,3,3.520863017849971,37.13507764377126,2.308060833430555e-12,False,False,False
2955209,150,3,3.520863017849971,35.44711854829241,2.2172782513923847e-11,False,False,False
5817091,150,3,3.520863017849971,33.90593942310585,1.848975304482874e-10,False,False,False
11450475,150,3,3.520863017849971,32.49319195113196,1.3624188012435351e-09,False,False,False
22539339,150,3,3.520863017849971,31.193464159735566,9.004343447488015e-09,False,False,False
44366873,150,3,3.520863017849971,29.993715546379686,5.405659417314444e-08,False,False,False
87332616,150,3,3.520863017849971,28.882837185666528,2.979744196433135e-07,False,False,False
171907220,150,3,3.520863017849971,27.851307283610495,1.5221292080875447e-06,False,False,False
338385515,150,3,3.520863017849971,26.890917377133075,7.263072643944308e-06,False,False,False
666084629,150,3,3.520863017849971,25.994553463376466,3.2596994695995585e-05,False,False,False
1311133937,150,3,3.520863017849971,25.156019480921756,0.0001384291091571974,False,False,False
2580861540,150,3,3.520863017849971,24.369893871951888,0.0005591745143373164,False,False,False
5080218046,150,3,3.520863017849971,23.631412239481893,0.0021584271662981025,False,False,False
10000000000,150,3,3.520863017849971,22.936370702842094,0.007993941765691256,False,False,False
30000000000,150,3,3.520863017849971,21.89186337087573,0.06178942337485217,False,False,False
70000000000,150,3,3.520863017849971,21.14906718059687,0.2818487957718134,False,False,False
100000000000,150,3,3.520863017849971,20.85124609349281,0.5264416037839451,False,False,False
300000000000,150,3,3.520863017849971,19.98442831943604,3.4382234550003044,False,False,False
1000000000000,150,3,3.520863017849971,19.11364225236841,24.94542942714535,False,False,False
3000000000000,150,3,3.520863017849971,18.3827424889103,143.30267887516902,False,False,False
10000000000000,150,3,3.520863017849971,17.643362079109302,918.6730781602703,False,False,False
30000000000000,150,3,3.520863017849971,17.018746265868774,4775.821243274253,True,False,False
100000000000000,150,3,3.520863017849971,16.383121930601494,27778.317208022465,True,False,False
300000000000000,150,3,3.520863017849971,15.843184773605904,133410.8108002891,True,False,False
1000000000000000,150,3,3.520863017849971,15.29091380189473,717897.8142367614,True,False,False
100000,152,2,1.3979897276757238,18.457032424404694,1.2749624654157565e-05,False,False,False
196841,152,2,1.3979897276757238,17.43164859724964,6.131814164017273e-05,False,False,False
387467,152,2,1.3979897276757238,16.514188602103566,0.0002671150197462345,False,False,False
762698,152,2,1.3979897276757238,15.688478450531942,0.001069820132592667,False,False,False
1501310,152,2,1.3979897276757238,14.941407710787967,0.003987406273684004,False,False,False
2955209,152,2,1.3979897276757238,14.262252404136474,0.013968363071643071,False,False,False
5817091,152,2,1.3979897276757238,13.642154450237882,0.04636987853406363,False,False,False
11450475,152,2,1.3979897276757238,13.073731349749565,0.14686897379974403,False,False,False
22539339,152,2,1.3979897276757238,12.550782050152428,0.446396592899008,False,False,False
44366873,152,2,1.3979897276757238,12.068059666896296,1.3083289880984792,False,False,False
87332616,152,2,1.3979897276757238,11.62109449117406,3.712901554366987,False,False,False
171907220,152,2,1.3979897276757238,11.206055401170339,10.238761190051568,False,False,False
338385515,152,2,1.3979897276757238,10.819639697622954,27.519621266940515,False,False,False
666084629,152,2,1.3979897276757238,10.458985040558531,72.28431212513443,False,False,False
1311133937,152,2,1.3979897276757238,10.121598426441459,185.97234961761015,False,False,False
2580861540,152,2,1.3979897276757238,9.805298475538288,469.597344619223,False,False,False
5080218046,152,2,1.3979897276757238,9.508168218709185,1165.840651819643,False,False,False
10000000000,152,2,1.3979897276757238,9.228516212202347,2850.1085150565214,False,False,False
30000000000,152,2,1.3979897276757238,8.808255615105292,11800.696623863287,False,False,False
70000000000,152,2,1.3979897276757238,8.509389383251916,34531.333945220686,False,False,False
100000000000,152,2,1.3979897276757238,8.389560192911224,53981.68999384383,False,False,False
300000000000,152,2,1.3979897276757238,8.040793512055442,210011.77271889566,False,False,False
1000000000000,152,2,1.3979897276757238,7.6904301768352905,905490.3077422155,False,False,False
3000000000000,152,2,1.3979897276757238,7.396350507302732,3360768.3159792055,False,False,False
10000000000000,152,2,1.3979897276757238,7.098858624771037,13849544.99535509,False,False,False
30000000000000,152,2,1.3979897276757238,6.8475426152083765,49567901.63422173,True,False,False
100000000000000,152,2,1.3979897276757238,6.591797294430249,197187347.20105833,True,False,False
300000000000000,152,2,1.3979897276757238,6.37455199126261,685836893.4938821,True,False,False
1000000000000000,152,2,1.3979897276757238,6.152344141468232,2653064805.7554307,True,False,False
100000,154,3,1.7604315089249856,23.54800725491788,9.877118766130118e-08,False,False,False
196841,154,3,1.7604315089249856,22.239793385769765,6.303088243663403e-07,False,False,False
387467,154,3,1.7604315089249856,21.069271813015174,3.5364372680382476e-06,False,False,False
762698,154,3,1.7604315089249856,20.015807301896988,1.7786515609636444e-05,False,False,False
1501310,154,3,1.7604315089249856,19.062673190469248,8.146344733753815e-05,False,False,False
2955209,154,3,1.7604315089249856,18.196187521456768,0.0003441710637569455,False,False,False
5817091,154,3,1.7604315089249856,17.405048903861,0.001355647613770041,False,False,False
11450475,154,3,1.7604315089249856,16.679838534914406,0.005022648217910702,False,False,False
22539339,154,3,1.7604315089249856,16.012644935330922,0.01763470000278472,False,False,False
44366873,154,3,1.7604315089249856,15.396773980474904,0.05904591522373837,False,False,False
87332616,154,3,1.7604315089249856,14.82652308864215,0.18955211524491708,False,False,False
171907220,154,3,1.7604315089249856,14.29700440558672,0.5861118067835084,False,False,False
338385515,154,3,1.7604315089249856,13.804004253594977,1.752526311498555,False,False,False
666084629,154,3,1.7604315089249856,13.343870777866586,5.084745829418323,False,False,False
1311133937,154,3,1.7604315089249856,12.913423333539834,14.357848926663085,False,False,False
2580861540,154,3,1.7604315089249856,12.509878854268635,39.560015312339836,False,False,False
5080218046,154,3,1.7604315089249856,12.13079161626737,106.60153981037405,False,False,False
10000000000,154,3,1.7604315089249856,11.77400362745894,281.5045445084351,False,False,False
30000000000,154,3,1.7604315089249856,11.23782319704954,1308.8051769044077,False,False,False
70000000000,154,3,1.7604315089249856,10.856521152706392,4158.934997577888,False,False,False
100000000000,154,3,1.7604315089249856,10.70363966132631,6720.006387626695,False,False,False
300000000000,154,3,1.7604315089249856,10.258673203977168,28783.651116841196,False,False,False
1000000000000,154,3,1.7604315089249856,9.811669689549118,136696.16912788487,False,False,False
3000000000000,154,3,1.7604315089249856,9.43647447764062,550223.5116876786,False,False,False
10000000000000,154,3,1.7604315089249856,9.056925867276108,2461347.085695379,False,False,False
30000000000000,154,3,1.7604315089249856,8.736289749812636,9441548.509978097,True,False,False
100000000000000,154,3,1.7604315089249856,8.410002591042101,40304883.4827674,True,False,False
300000000000000,154,3,1.7604315089249856,8.13283485045103,148841299.50006106,True,False,False
1000000000000000,154,3,1.7604315089249856,7.849335751639294,612165597.2350857,True,False,False
100000,156,3,2.8807061055136125,39.03353268701854,3.042508858099819e-14,False,False,False
196841,156,3,2.8807061055136125,36.865017607580576,4.589644324930559e-13,False,False,False
387467,156,3,2.8807061055136125,34.924743359472615,5.560206764940968e-12,False,False,False
762698,156,3,2.8807061055136125,33.178504665718265,5.590927565675167e-11,False,False,False
1501310,156,3,2.8807061055136125,31.59857515869991,4.792582017729649e-10,False,False,False
2955209,156,3,2.8807061055136125,30.162275419274263,3.579713174675278e-09,False,False,False
5817091,156,3,2.8807061055136125,28.8508720909337,2.3722954883731747e-08,False,False,False
11450475,156,3,2.8807061055136125,27.648752423872285,1.4160344104920797e-07,False,False,False
22539339,156,3,2.8807061055136125,26.5428022304659,7.710076533235173e-07,False,False,False
44366873,156,3,2.8807061055136125,25.521925228555805,3.8705471573518985e-06,False,False,False
87332616,156,3,2.8807061055136125,24.576668732530788,1.8078983325554268e-05,False,False,False
171907220,156,3,2.8807061055136125,23.698930561326744,7.918731930978067e-05,False,False,False
338385515,156,3,2.8807061055136125,22.881726059087775,0.0003274461424695117,False,False,False
666084629,156,3,2.8807061055136125,22.119001856109428,0.00128575453103421,False,False,False
1311133937,156,3,2.8807061055136125,21.40548566740251,0.004818516913514862,False,False,False
2580861540,156,3,2.8807061055136125,20.736564240133603,0.01731140048494117,False,False,False
5080218046,156,3,2.8807061055136125,20.1081835055955,0.05985576976575485,False,False,False
10000000000,156,3,2.8807061055136125,19.51676634350927,0.19986010351700795,False,False,False
30000000000,156,3,2.8807061055136125,18.62798555921789,1.3220506372705165,False,False,False
70000000000,156,3,2.8807061055136125,17.99593352821697,5.3982693953851015,False,False,False
100000000000,156,3,2.8807061055136125,17.7425148577357,9.645058124679133,False,False,False
300000000000,156,3,2.8807061055136125,17.004931733629213,55.35576398834891,False,False,False
1000000000000,156,3,2.8807061055136125,16.263971952924393,352.7255303598932,False,False,False
3000000000000,156,3,2.8807061055136125,15.642042699654581,1817.083682464734,False,False,False
10000000000000,156,3,2.8807061055136125,15.012897187314824,10432.951804188735,False,False,False
30000000000000,156,3,2.8807061055136125,14.481405913502881,49414.089899726394,True,False,False
100000000000000,156,3,2.8807061055136125,13.940547388220907,261428.18189102586,True,False,False
300000000000000,156,3,2.8807061055136125,13.48110995281375,1158448.9716750537,True,False,False
1000000000000000,156,3,2.8807061055136125,13.011177562339514,5741023.497046482,True,False,False
100000,158,2,1.3374706918456059,18.355054061157528,1.3507231200568316e-05,False,False,False
196841,158,2,1.3374706918456059,17.335335660707536,6.45947846882304e-05,False,False,False
387467,158,2,1.3374706918456059,16.42294479403772,0.0002799659952524037,False,False,False
762698,158,2,1.3374706918456059,15.601796836855614,0.0011161855779662738,False,False,False
1501310,158,2,1.3374706918456059,14.858853794864839,0.004143081645357292,False,False,False
2955209,158,2,1.3374706918456059,14.18345094120635,0.014459352626648707,False,False,False
5817091,158,2,1.3374706918456059,13.566779137998585,0.04783561195759905,False,False,False
11450475,158,2,1.3374706918456059,13.001496675511373,0.15103634751107167,False,False,False
22539339,158,2,1.3374706918456059,12.48143676313575,0.4577384983066195,False,False,False
44366873,158,2,1.3374706918456059,12.00138150628517,1.3379972320329987,False,False,False
87332616,158,2,1.3374706918456059,11.55688589208293,3.7877313487913797,False,False,False
171907220,158,2,1.3374706918456059,11.144139966338173,10.421188200549214,False,False,False
338385515,158,2,1.3374706918456059,10.759859277785324,27.95020856648638,False,False,False
666084629,158,2,1.3374706918456059,10.40119730138479,73.26916506112258,False,False,False
1311133937,158,2,1.3374706918456059,10.065674807885705,188.1550984081853,False,False,False
2580861540,158,2,1.3374706918456059,9.751122470062827,474.2794051682272,False,False,False
5080218046,158,2,1.3374706918456059,9.455633910369313,1175.5330633769724,False,False,False
10000000000,158,2,1.3374706918456059,9.177527030578764,2869.3664079917403,False,False,False
30000000000,158,2,1.3374706918456059,8.759588447489365,11852.878201144145,False,False,False
70000000000,158,2,1.3374706918456059,8.462373504340123,34626.80219304943,False,False,False
100000000000,158,2,1.3374706918456059,8.34320639143524,54095.10533442498,False,False,False
300000000000,158,2,1.3374706918456059,7.996366708075642,210047.85478556933,False,False,False
1000000000000,158,2,1.3374706918456059,7.6479391921489706,903894.408835978,False,False,False
3000000000000,158,2,1.3374706918456059,7.3554843647185235,3349398.397537154,False,False,False
10000000000000,158,2,1.3374706918456059,7.05963617736828,13780021.394651262,False,False,False
30000000000000,158,2,1.3374706918456059,6.809708733135285,49250639.52634214,True,False,False
100000000000000,158,2,1.3374706918456059,6.555376450413403,195648584.3208505,True,False,False
300000000000000,158,2,1.3374706918456059,6.339331465906466,679668616.8472159,True,False,False
1000000000000000,158,2,1.3374706918456059,6.118351353719177,2625977692.4088774,True,False,False
100000,160,2,1.7604315089249856,24.465462083031564,3.946251015624746e-08,False,False,False
196841,160,2,1.7604315089249856,23.1062788423582,2.649985727430758e-07,False,False,False
387467,160,2,1.7604315089249856,21.89015253300278,1.556187747645436e-06,False,False,False
762698,160,2,1.7604315089249856,20.795643950022846,8.154777665051888e-06,False,False,False
1501310,160,2,1.7604315089249856,19.80537474334467,3.8762483852057066e-05,False,False,False
2955209,160,2,1.7604315089249856,18.905129892422615,0.00016938876219905043,False,False,False
5817091,160,2,1.7604315089249856,18.08316769232312,0.0006880873378422213,False,False,False
11450475,160,2,1.7604315089249856,17.329702373937046,0.002622409335826346,False,False,False
22539339,160,2,1.7604315089249856,16.636514218525633,0.009449853784836777,False,False,False
44366873,160,2,1.7604315089249856,15.996648291402499,0.03240915855970079,False,False,False
87332616,160,2,1.7604315089249856,15.40417983235548,0.10637890090565333,False,False,False
171907220,160,2,1.7604315089249856,14.85403055125893,0.335789482109822,False,False,False
338385515,160,2,1.7604315089249856,14.341822601137638,1.0235121590945362,False,False,False
666084629,160,2,1.7604315089249856,13.863761847134114,3.0233151907966356,False,False,False
1311133937,160,2,1.7604315089249856,13.41654372315827,8.681344097161885,False,False,False
2580861540,160,2,1.7604315089249856,12.997276731707673,24.29865542185417,False,False,False
5080218046,160,2,1.7604315089249856,12.60341986105701,66.45132412438302,False,False,False
10000000000,160,2,1.7604315089249856,12.232731041515782,177.93550929201146,False,False,False
30000000000,160,2,1.7604315089249856,11.675660464467054,844.7431814483788,False,False,False
70000000000,160,2,1.7604315089249856,11.27950249631833,2724.4802819014453,False,False,False
100000000000,160,2,1.7604315089249856,11.120664583196165,4428.514423368717,False,False,False
300000000000,160,2,1.7604315089249856,10.65836177036589,19300.268158047893,False,False,False
1000000000000,160,2,1.7604315089249856,10.193942534596486,93269.00776307337,False,False,False
3000000000000,160,2,1.7604315089249856,9.804129327418826,380950.60870678,False,False,False
10000000000000,160,2,1.7604315089249856,9.409793108858295,1729515.9199517178,False,False,False
30000000000000,160,2,1.7604315089249856,9.076664675130012,6717694.924215634,True,False,False
100000000000000,160,2,1.7604315089249856,8.73766502965413,29043950.03604365,True,False,False
300000000000000,160,2,1.7604315089249856,8.449698545923148,108420473.25306751,True,False,False
1000000000000000,160,2,1.7604315089249856,8.155154027677188,450872481.58476233,True,False,False
100000,162,2,2.6406472633874785,37.15692053860419,1.8215688508934427e-13,False,False,False
196841,162,2,2.6406472633874785,35.092660991831515,2.475797775737196e-12,False,False,False
387467,162,2,2.6406472633874785,33.24566915949797,2.7322160654645912e-11,False,False,False
762698,162,2,2.6406472633874785,31.5833842490972,2.526081159530211e-10,False,False,False
1501310,162,2,2.6406472633874785,30.079412891454723,2.0069880323063314e-09,False,False,False
2955209,162,2,2.6406472633874785,28.71216602411685,1.3990530341398545e-08,False,False,False
5817091,162,2,2.6406472633874785,27.463810932715738,8.705089269346245e-08,False,False,False
11450475,162,2,2.6406472633874785,26.31948548041689,4.904317122524223e-07,False,False,False
22539339,162,2,2.6406472633874785,25.26670596938581,2.532046591330472e-06,False,False,False
44366873,162,2,2.6406472633874785,24.294909592567546,1.2102355951376766e-05,False,False,False
87332616,162,2,2.6406472633874785,23.395098120389886,5.401756959634618e-05,False,False,False
171907220,162,2,2.6406472633874785,22.5595588997245,0.00022682447055327428,False,False,False
338385515,162,2,2.6406472633874785,21.78164307547779,0.0009018021929191449,False,False,False
666084629,162,2,2.6406472633874785,21.05558830533494,0.00341353326681948,False,False,False
1311133937,162,2,2.6406472633874785,20.376375779546624,0.01236122673228746,False,False,False
2580861540,162,2,2.6406472633874785,19.73961403628103,0.0430044715102922,False,False,False
5080218046,162,2,2.6406472633874785,19.141443913980332,0.14426704275460622,False,False,False
10000000000,162,2,2.6406472633874785,18.578460269302095,0.468207857183821,False,False,False
30000000000,162,2,2.6406472633874785,17.73240933040934,2.9675862028125355,False,False,False
70000000000,162,2,2.6406472633874785,17.130744416283463,11.754735195988127,False,False,False
100000000000,162,2,2.6406472633874785,16.889509335729176,20.747791717528827,False,False,False
300000000000,162,2,2.6406472633874785,16.187386938743195,114.9289611921925,False,False,False
1000000000000,162,2,2.6406472633874785,15.482050224418414,706.6959887291504,False,False,False
3000000000000,162,2,2.6406472633874785,14.890021416017344,3533.3370003796576,False,False,False
10000000000000,162,2,2.6406472633874785,14.291123284078536,19682.536414448132,False,False,False
30000000000000,162,2,2.6406472633874785,13.785184475353706,90871.43136104854,True,False,False
100000000000000,162,2,2.6406472633874785,13.27032876378721,468420.7142607235,True,False,False
300000000000000,162,2,2.6406472633874785,12.832979666620782,2030335.2480295578,True,False,False
1000000000000000,162,2,2.6406472633874785,12.38564017953473,9837125.160003789,True,False,False
100000,164,2,1.3541780837884503,19.290075873159502,5.3688717158846975e-06,False,False,False
196841,164,2,1.3541780837884503,18.21841216416704,2.704417323386172e-05,False,False,False
387467,164,2,1.3541780837884503,17.259543343329113,0.00012279103450416238,False,False,False
762698,164,2,1.3541780837884503,16.3965654221334,0.0005104630400572656,False,False,False
1501310,164,2,1.3541780837884503,15.615776239944838,0.0019678308166592036,False,False,False
2955209,164,2,1.3541780837884503,14.905967799794754,0.0071081285141904515,False,False,False
5817091,164,2,1.3541780837884503,14.257882218947072,0.024266133723291707,False,False,False
11450475,164,2,1.3541780837884503,13.663803794834978,0.07885634691227389,False,False,False
22539339,164,2,1.3541780837884503,13.117251595375981,0.24540198659153362,False,False,False
44366873,164,2,1.3541780837884503,12.612741922067354,0.7350828098415616,False,False,False
87332616,164,2,1.3541780837884503,12.145603329357204,2.12859942614759,False,False,False
171907220,164,2,1.3541780837884503,11.71183178080031,5.980855687453522,False,False,False
338385515,164,2,1.3541780837884503,11.307975512435446,16.358094155071477,False,False,False
666084629,164,2,1.3541780837884503,10.931042994855744,43.67206105058631,False,False,False
1311133937,164,2,1.3541780837884503,10.578428704797865,114.08309889006063,False,False,False
2580861540,164,2,1.3541780837884503,10.247852807692588,292.2123242661028,False,False,False
5080218046,164,2,1.3541780837884503,9.937311813525717,735.2521448874442,False,False,False
10000000000,164,2,1.3541780837884503,9.645037936579751,1820.2880153869562,False,False,False
30000000000,164,2,1.3541780837884503,9.205809212368253,7681.112262587417,False,False,False
70000000000,164,2,1.3541780837884503,8.893453891327914,22781.801290170944,False,False,False
100000000000,164,2,1.3541780837884503,8.768216305981591,35807.17154932203,False,False,False
300000000000,164,2,1.3541780837884503,8.403708318942336,141515.34790623502,False,False,False
1000000000000,164,2,1.3541780837884503,8.03753161381646,619885.3432316695,False,False,False
3000000000000,164,2,1.3541780837884503,7.730178892772536,2331473.8517060378,False,False,False
10000000000000,164,2,1.3541780837884503,7.419259951215193,9737753.531538863,False,False,False
30000000000000,164,2,1.3541780837884503,7.156600993852509,35249258.55975985,True,False,False
100000000000000,164,2,1.3541780837884503,6.88931281184268,141853970.90811485,True,False,False
300000000000000,164,2,1.3541780837884503,6.6622623150547895,498243495.9509691,True,False,False
1000000000000000,164,2,1.3541780837884503,6.430025291053168,1946813136.637903,True,False,False
100000,166,2,1.3366239234430448,19.27221469179547,5.394776894024113e-06,False,False,False
196841,166,2,1.3366239234430448,18.201543264015037,2.714771171029681e-05,False,False,False
387467,166,2,1.3366239234430448,17.243562284677886,0.00012315175155227191,False,False,False
762698,166,2,1.3366239234430448,16.381383417112907,0.0005115536794853494,False,False,False
1501310,166,2,1.3366239234430448,15.601317187870817,0.0019706100492289428,False,False,False
2955209,166,2,1.3366239234430448,14.89216597775791,0.007113490822754162,False,False,False
5817091,166,2,1.3366239234430448,14.244680476151755,0.024269871660711127,False,False,False
11450475,166,2,1.3366239234430448,13.651152124654578,0.07882512241720158,False,False,False
22539339,166,2,1.3366239234430448,13.105105992046932,0.24518070632384673,False,False,False
44366873,166,2,1.3366239234430448,12.601063457324702,0.7340769859961358,False,False,False
87332616,166,2,1.3366239234430448,12.134357400348543,2.12476759778969,False,False,False
171907220,166,2,1.3366239234430448,11.700987492114384,5.967691818440018,False,False,False
338385515,166,2,1.3366239234430448,11.297505164738748,16.31598761695613,False,False,False
666084629,166,2,1.3366239234430448,10.920921658749398,43.5444468505918,False,False,False
1311133937,166,2,1.3366239234430448,10.568633863404537,113.71260385745792,False,False,False
2580861540,166,2,1.3366239234430448,10.238364055092875,291.17419989521716,False,False,False
5080218046,166,2,1.3366239234430448,9.928110598883567,732.4294292297103,False,False,False
10000000000,166,2,1.3366239234430448,9.636107345897734,1812.8090690604738,False,False,False
30000000000,166,2,1.3366239234430448,9.197285314949397,7646.442787200159,False,False,False
70000000000,166,2,1.3366239234430448,8.885219211798908,22672.415114483865,False,False,False
100000000000,166,2,1.3366239234430448,8.760097587179759,35631.1123768118,False,False,False
300000000000,166,2,1.3366239234430448,8.39592710753591,140772.01586108044,False,False,False
1000000000000,166,2,1.3366239234430448,8.03008945491478,616420.2618504693,False,False,False
3000000000000,166,2,1.3366239234430448,7.723021319723674,2317781.5033760015,False,False,False
10000000000000,166,2,1.3366239234430448,7.412390266075181,9677778.8490909,False,False,False
30000000000000,166,2,1.3366239234430448,7.149974511450795,35023640.00767023,True,False,False
100000000000000,166,2,1.3366239234430448,6.882933818498382,140911133.4592812,True,False,False
300000000000000,166,2,1.3366239234430448,6.656093553651963,494827863.3254885,True,False,False
1000000000000000,166,2,1.3366239234430448,6.4240715639318235,1933051337.8133519,True,False,False
100000,168,3,3.1687767160649742,46.239723336929664,2.4832228832856597e-17,False,False,False
196841,168,3,3.1687767160649742,43.670867012057,5.590219686236304e-16,False,False,False
387467,168,3,3.1687767160649742,41.37238828737526,9.689625977978338e-15,False,False,False
762698,168,3,3.1687767160649742,39.303767065543184,1.3449585199681348e-13,False,False,False
1501310,168,3,3.1687767160649742,37.43215826492144,1.5433672711424646e-12,False,False,False
2955209,168,3,3.1687767160649742,35.73069549667875,1.502819434436539e-11,False,False,False
5817091,168,3,3.1687767160649742,34.1771869384907,1.2687390904684075e-10,False,False,False
11450475,168,3,3.1687767160649742,32.753137486741025,9.454971540289846e-10,False,False,False
22539339,168,3,3.1687767160649742,31.443011873013457,6.314185931882765e-09,False,False,False
44366873,168,3,3.1687767160649742,30.23366527075073,3.8272104851641654e-08,False,False,False
87332616,168,3,3.1687767160649742,29.113899883151863,2.1284930553128704e-07,False,False,False
171907220,168,3,3.1687767160649742,28.07411774187938,1.0962981382975792e-06,False,False,False
338385515,168,3,3.1687767160649742,27.10604471615014,5.271500852845284e-06,False,False,False
666084629,168,3,3.1687767160649742,26.202509891083483,2.382899588234462e-05,False,False,False
1311133937,168,3,3.1687767160649742,25.357267636769134,0.00010187531624923956,False,False,False
2580861540,168,3,3.1687767160649742,24.564853022927505,0.000414114269086923,False,False,False
5080218046,168,3,3.1687767160649742,23.82046353739775,0.0016079627082990226,False,False,False
10000000000,168,3,3.1687767160649742,23.119861668464832,0.0059884492825569985,False,False,False
30000000000,168,3,3.1687767160649742,22.066998277842735,0.046676311350804224,False,False,False
70000000000,168,3,3.1687767160649742,21.31825971804165,0.21418019401670116,False,False,False
100000000000,168,3,3.1687767160649742,21.018056062240756,0.4010034084020732,False,False,False
300000000000,168,3,3.1687767160649742,20.144303745991532,2.6372031910542653,False,False,False
1000000000000,168,3,3.1687767160649742,19.266551390387363,19.267523579133123,False,False,False
3000000000000,168,3,3.1687767160649742,18.529804428821585,111.3342094138741,False,False,False
10000000000000,168,3,3.1687767160649742,17.78450897574218,717.9664997858507,False,False,False
30000000000000,168,3,3.1687767160649742,17.154896235995725,3751.1237489572595,True,False,False
100000000000000,168,3,3.1687767160649742,16.51418690604631,21929.44531603899,True,False,False
300000000000000,168,3,3.1687767160649742,15.969930251794754,105776.37299242608,True,False,False
1000000000000000,168,3,3.1687767160649742,15.41324111230989,571714.3124441638,True,False,False
100000,170,3,1.8777936095199845,27.727523694102437,1.612568132188692e-09,False,False,False
196841,170,3,1.8777936095199845,26.18711602133929,1.2980208602958611e-08,False,False,False
387467,170,3,1.8777936095199845,24.80883953740315,8.964396447981127e-08,False,False,False
762698,170,3,1.8777936095199845,23.56839647669256,5.435627990495549e-07,False,False,False
1501310,170,3,1.8777936095199845,22.446091375790626,2.9484356941313495e-06,False,False,False
2955209,170,3,1.8777936095199845,21.425813878078962,1.4527609998040556e-05,False,False,False
5817091,170,3,1.8777936095199845,20.4942567179662,6.584906768385422e-05,False,False,False
11450475,170,3,1.8777936095199845,19.64032935712865,0.0002774831764548024,False,False,False
22539339,170,3,1.8777936095199845,18.85471611432905,0.0010967331465388094,False,False,False
44366873,170,3,1.8777936095199845,18.129534730256164,0.0040963369057449555,False,False,False
87332616,170,3,1.8777936095199845,17.458070476669544,0.014550933276979226,False,False,False
171907220,170,3,1.8777936095199845,16.83456795809345,0.049426441625241055,False,False,False
338385515,170,3,1.8777936095199845,16.254065614622654,0.16130400149432958,False,False,False
666084629,170,3,1.8777936095199845,15.712263426751996,0.5078297202877619,False,False,False
1311133937,170,3,1.8777936095199845,15.205416219579371,1.5478121091831871,False,False,False
2580861540,170,3,1.8777936095199845,14.730246962602028,4.581329805941899,False,False,False
5080218046,170,3,1.8777936095199845,14.283875842531275,13.204428308532394,False,False,False
10000000000,170,3,1.8777936095199845,13.863761847051219,37.148704294978415,False,False,False
30000000000,170,3,1.8777936095199845,13.23241519306266,189.96055520505948,False,False,False
70000000000,170,3,1.8777936095199845,12.783436162494105,645.8955617734105,False,False,False
100000000000,170,3,1.8777936095199845,12.603419860955654,1072.3445574983627,False,False,False
300000000000,170,3,1.8777936095199845,12.07947667308134,4970.610196042152,False,False,False
1000000000000,170,3,1.8777936095199845,11.553134872542683,25555.027224382648,False,False,False
3000000000000,170,3,1.8777936095199845,11.11134657107467,109946.18384070243,False,False,False
10000000000000,170,3,1.8777936095199845,10.664432190039399,526102.6118295031,False,False,False
30000000000000,170,3,1.8777936095199845,10.286886631814014,2136270.6949522193,True,False,False
100000000000000,170,3,1.8777936095199845,9.902687033608014,9663217.993922511,True,False,False
300000000000000,170,3,1.8777936095199845,9.5763250187129,37484555.213624984,True,False,False
1000000000000000,170,3,1.8777936095199845,9.242507898034146,162125253.19644004,True,False,False
100000,172,2,1.3525266471009036,20.20638316552821,2.144894203738358e-06,False,False,False
196841,172,2,1.3525266471009036,19.083813836569625,1.1368537210209506e-05,False,False,False
387467,172,2,1.3525266471009036,18.079397320702604,5.402299397836881e-05,False,False,False
762698,172,2,1.3525266471009036,17.1754266648207,0.00023398025615576127,False,False,False
1501310,172,2,1.3525266471009036,16.35754883528071,0.0009360737396304995,False,False,False
2955209,172,2,1.3525266471009036,15.61402343858929,0.0034972015626287736,False,False,False
5817091,172,2,1.3525266471009036,14.935152828811992,0.012312202429835307,False,False,False
11450475,172,2,1.3525266471009036,14.312854796035202,0.041155457631205435,False,False,False
22539339,172,2,1.3525266471009036,13.740340554264009,0.13144498673652802,False,False,False
44366873,172,2,1.3525266471009036,13.211865921161396,0.4032831431942758,False,False,False
87332616,172,2,1.3525266471009036,12.72253755056433,1.1940008649942493,False,False,False
171907220,172,2,1.3525266471009036,12.2681612083416,3.424700303736104,False,False,False
338385515,172,2,1.3525266471009036,11.845121166610326,9.548240719029163,False,False,False
666084629,172,2,1.3525266471009036,11.450283793867781,25.951969611847808,False,False,False
1311133937,172,2,1.3525266471009036,11.080919800620658,68.93856655677965,False,False,False
2580861540,172,2,1.3525266471009036,10.734641056767101,179.37384912213832,False,False,False
5080218046,172,2,1.3525266471009036,10.409348903537634,458.03983129909994,False,False,False
10000000000,172,2,1.3525266471009036,10.103191582764104,1149.8377393370424,False,False,False
30000000000,172,2,1.3525266471009036,9.643098840927212,4954.293020425039,False,False,False
70000000000,172,2,1.3525266471009036,9.3159061775995,14913.837683050571,False,False,False
100000000000,172,2,1.3525266471009036,9.18471962069464,23580.606714697613,False,False,False
300000000000,172,2,1.3525266471009036,8.802896962171097,94821.79399826586,False,False,False
1000000000000,172,2,1.3525266471009036,8.419326318970088,422639.4997006223,False,False,False
3000000000000,172,2,1.3525266471009036,8.097373886578538,1612983.180732437,False,False,False
10000000000000,172,2,1.3525266471009036,7.771685832895464,6837104.404903412,False,False,False
30000000000000,172,2,1.3525266471009036,7.496550184429026,25060052.596527454,True,False,False
100000000000000,172,2,1.3525266471009036,7.216565416260074,102138046.33924578,True,False,False
300000000000000,172,2,1.3525266471009036,6.9787296832029915,362636618.0479543,True,False,False
1000000000000000,172,2,1.3525266471009036,6.735461055176069,1432666977.103752,True,False,False
100000,174,3,2.7384490138833106,41.38740669046173,2.747660477276311e-15,False,False,False
196841,174,3,2.7384490138833106,39.08812170832262,4.7239239113633477e-14,False,False,False
387467,174,3,2.7384490138833106,37.0308413683297,6.433242235311915e-13,False,False,False
762698,174,3,2.7384490138833106,35.179297682121984,7.187141669553876e-12,False,False,False
1501310,174,3,2.7384490138833106,33.50409227415807,6.776722339268601e-11,False,False,False
2955209,174,3,2.7384490138833106,31.981178068014923,5.519688291877289e-10,False,False,False
5817091,174,3,2.7384490138833106,30.590692012846606,3.958952559699578e-09,False,False,False
11450475,174,3,2.7384490138833106,29.3160798492435,2.5407879030376705e-08,False,False,False
22539339,174,3,2.7384490138833106,28.143436553005863,1.478828260990656e-07,False,False,False
44366873,174,3,2.7384490138833106,27.060996692955893,7.895285247114218e-07,False,False,False
87332616,174,3,2.7384490138833106,26.058737549734687,3.904140167108958e-06,False,False,False
171907220,174,3,2.7384490138833106,25.12806834921302,1.8029957059013444e-05,False,False,False
338385515,174,3,2.7384490138833106,24.26158323359117,7.832154178609372e-05,False,False,False
666084629,174,3,2.7384490138833106,23.452863791401878,0.00032201410230943943,False,False,False
1311133937,174,3,2.7384490138833106,22.69631979834274,0.0012598445277359816,False,False,False
2580861540,174,3,2.7384490138833106,21.987059804472146,0.004712534976795827,False,False,False
5080218046,174,3,2.7384490138833106,21.32078526495477,0.01692331638733505,False,False,False
10000000000,174,3,2.7384490138833106,20.693703345230865,0.05855912366714922,False,False,False
30000000000,174,3,2.7384490138833106,19.751325619056765,0.4086894311477598,False,False,False
70000000000,174,3,2.7384490138833106,19.081158389605175,1.7336167369862954,False,False,False
100000000000,174,3,2.7384490138833106,18.81245758657351,3.1451425375732356,False,False,False
300000000000,174,3,2.7384490138833106,18.030395328202296,18.87188905812407,False,False,False
1000000000000,174,3,2.7384490138833106,17.244752787692388,125.74620788218488,False,False,False
3000000000000,174,3,2.7384490138833106,16.585318778883515,672.5445203707048,False,False,False
10000000000000,174,3,2.7384490138833106,15.918233342485282,4010.794502255402,False,False,False
30000000000000,174,3,2.7384490138833106,15.354691075428269,19615.237926739886,True,False,False
100000000000000,174,3,2.7384490138833106,14.781216675164902,107216.11748211968,True,False,False
300000000000000,174,3,2.7384490138833106,14.294073373519991,488446.5957038577,True,False,False
1000000000000000,174,3,2.7384490138833106,13.79580223015391,2490215.1276545073,True,False,False
100000,176,2,1.4670262574374882,22.42667357611227,2.526027410930486e-07,False,False,False
196841,176,2,1.4670262574374882,21.18075560549502,1.51462947968284e-06,False,False,False
387467,176,2,1.4670262574374882,20.06597315525255,8.03732968967397e-06,False,False,False
762698,176,2,1.4670262574374882,19.06267362085428,3.844592638019747e-05,False,False,False
1501310,176,2,1.4670262574374882,18.15492684806595,0.00016827157739328596,False,False,False
2955209,176,2,1.4670262574374882,17.3297024013874,0.0006821860187445933,False,False,False
5817091,176,2,1.4670262574374882,16.576237051296193,0.0025877003347840126,False,False,False
11450475,176,2,1.4670262574374882,15.885560509442294,0.009261942470884006,False,False,False
22539339,176,2,1.4670262574374882,15.2501380336485,0.03150209013004563,False,False,False
44366873,176,2,1.4670262574374882,14.66359426711896,0.10242937348790332,False,False,False
87332616,176,2,1.4670262574374882,14.120498179659192,0.320014834773677,False,False,False
171907220,176,2,1.4670262574374882,13.616194671987355,0.9648751789572585,False,False,False
338385515,176,2,1.4670262574374882,13.146670717709505,2.8181209486836236,False,False,False
666084629,176,2,1.4670262574374882,12.708448359872941,7.999234943698465,False,False,False
1311133937,176,2,1.4670262574374882,12.298498412895082,22.12924684026311,False,False,False
2580861540,176,2,1.4670262574374882,11.914170337398701,59.81197273620387,False,False,False
5080218046,176,2,1.4670262574374882,11.553134872635594,158.29068848667296,False,False,False
10000000000,176,2,1.4670262574374882,11.213336788056136,410.9591730676746,False,False,False
30000000000,176,2,1.4670262574374882,10.702688759094801,1862.51462479198,False,False,False
70000000000,176,2,1.4670262574374882,10.33954395495847,5811.94145337602,False,False,False
100000000000,176,2,1.4670262574374882,10.193942534596486,9322.81549681783,False,False,False
300000000000,176,2,1.4670262574374882,9.770164956168733,39094.98693603315,False,False,False
1000000000000,176,2,1.4670262574374882,9.344447323380114,181755.34577544162,False,False,False
3000000000000,176,2,1.4670262574374882,8.987118550133927,718638.8604915577,False,False,False
10000000000000,176,2,1.4670262574374882,8.625643683120105,3157149.057061419,False,False,False
30000000000000,176,2,1.4670262574374882,8.320275952202513,11927089.53630584,True,False,False
100000000000000,176,2,1.4670262574374882,8.009526277182955,50130389.292712376,True,False,False
300000000000000,176,2,1.4670262574374882,7.745557000429554,182698440.50433955,True,False,False
1000000000000000,176,2,1.4670262574374882,7.475557858704091,741339856.4040715,True,False,False
100000,178,2,1.3354997653913685,20.648006361455092,1.3617875030203518e-06,False,False,False
196841,178,2,1.3354997653913685,19.50090257471438,7.397129740999239e-06,False,False,False
387467,178,2,1.3354997653913685,18.474533905008382,3.593114004675615e-05,False,False,False
762698,178,2,1.3354997653913685,17.550806402648597,0.00015872738053656455,False,False,False
1501310,178,2,1.3354997653913685,16.71505333942624,0.0006464661869418332,False,False,False
2955209,178,2,1.3354997653913685,15.955277728173918,0.002454786887167145,False,False,False
5817091,178,2,1.3354997653913685,15.261569974814083,0.00877147374629349,False,False,False
11450475,178,2,1.3354997653913685,14.625671227658941,0.029721516912823612,False,False,False
22539339,178,2,1.3354997653913685,14.04064432753155,0.096121765969346,False,False,False
44366873,178,2,1.3354997653913685,13.50061954938194,0.2983348220906551,False,False,False
87332616,178,2,1.3354997653913685,13.000596599893118,0.8927772532562207,False,False,False
171907220,178,2,1.3354997653913685,12.536289577312495,2.5862701483182438,False,False,False
338385515,178,2,1.3354997653913685,12.104003729753233,7.2776317536620985,False,False,False
666084629,178,2,1.3354997653913685,11.700536938227845,19.951922545335524,False,False,False
1311133937,178,2,1.3354997653913685,11.323100262906852,53.429682853352475,False,False,False
2580861540,178,2,1.3354997653913685,10.969253379605012,140.07682076338264,False,False,False
5080218046,178,2,1.3354997653913685,10.636851762047254,360.2450282564697,False,False,False
10000000000,178,2,1.3354997653913685,10.324003180727546,910.4105589557051,False,False,False
30000000000,178,2,1.3354997653913685,9.853854823028662,3962.319712358893,False,False,False
70000000000,178,2,1.3354997653913685,9.51951115853073,12013.315370708282,False,False,False
100000000000,178,2,1.3354997653913685,9.38545743702504,19049.063737886212,False,False,False
300000000000,178,2,1.3354997653913685,8.995289804472593,77241.5542171747,False,False,False
1000000000000,178,2,1.3354997653913685,8.603335983939623,347179.1913984786,False,False,False
3000000000000,178,2,1.3354997653913685,8.274347078916408,1334348.721398159,False,False,False
10000000000000,178,2,1.3354997653913685,7.941540908251959,5696434.0754676135,False,False,False
30000000000000,178,2,1.3354997653913685,7.660391997372658,21005081.393886276,True,False,False
100000000000000,178,2,1.3354997653913685,7.374287986233961,86136553.469521,True,False,False
300000000000000,178,2,1.3354997653913685,7.131254203843762,307417852.20997614,True,False,False
1000000000000000,178,2,1.3354997653913685,6.882668787151697,1220988941.913817,True,False,False
100000,180,3,3.520863017849971,55.047289686821024,4.127582167519579e-21,False,False,False
196841,180,3,3.520863017849971,51.98912739530595,1.515694875720571e-19,False,False,False
387467,180,3,3.520863017849971,49.252843199256255,4.07030000952892e-18,False,False,False
762698,180,3,3.520863017849971,46.790198887551405,8.378192826134863e-17,False,False,False
1501310,180,3,3.520863017849971,44.562093172525515,1.3732050445471704e-15,False,False,False
2955209,180,3,3.520863017849971,42.53654225795089,1.8489390722897263e-14,False,False,False
5817091,180,3,3.520863017849971,40.68712730772702,2.098450028463719e-13,False,False,False
11450475,180,3,3.520863017849971,38.99183034135835,2.051104726789645e-12,False,False,False
22539339,180,3,3.520863017849971,37.43215699168268,1.7580133977236657e-11,False,False,False
44366873,180,3,3.520863017849971,35.992458655655625,1.3416142078716888e-10,False,False,False
87332616,180,3,3.520863017849971,34.65940462279983,9.235227967933122e-10,False,False,False
171907220,180,3,3.520863017849971,33.421568740332596,5.798527301143409e-09,False,False,False
338385515,180,3,3.520863017849971,32.26910085255969,3.3527794186545283e-08,False,False,False
666084629,180,3,3.520863017849971,31.19346415605176,1.800194108606103e-07,False,False,False
1311133937,180,3,3.520863017849971,30.187223377106108,9.040726571773288e-07,False,False,False
2580861540,180,3,3.520863017849971,29.243872646342265,4.273712298425394e-06,False,False,False
5080218046,180,3,3.520863017849971,28.35769468737827,1.9122250865605633e-05,False,False,False
10000000000,180,3,3.520863017849971,27.523644843410512,8.138289484799964e-05,False,False,False
30000000000,180,3,3.520863017849971,26.270236045050876,0.0007751951559808274,False,False,False
70000000000,180,3,3.520863017849971,25.378880616716245,0.00410233902857228,False,False,False
100000000000,180,3,3.520863017849971,25.021495312191373,0.008132685531832207,False,False,False
300000000000,180,3,3.520863017849971,23.98131398332325,0.06316968482480625,False,False,False
1000000000000,180,3,3.520863017849971,22.936370702842094,0.5455079858287207,False,False,False
3000000000000,180,3,3.520863017849971,22.05929098669236,3.627016940852747,False,False,False
10000000000000,180,3,3.520863017849971,21.172034494931165,26.957401739406848,False,False,False
30000000000000,180,3,3.520863017849971,20.422495519042528,158.78831660230742,True,False,False
100000000000000,180,3,3.520863017849971,19.659746316721794,1048.7839747087035,True,False,False
300000000000000,180,3,3.520863017849971,19.011821728327085,5611.377404005947,True,False,False
1000000000000000,180,3,3.520863017849971,18.349096562273676,33721.79885495759,True,False,False
100000,182,3,1.7284236633081673,27.323472880912973,2.2232968786128455e-09,False,False,False
196841,182,3,1.7284236633081673,25.805512325306402,1.749896643765931e-08,False,False,False
387467,182,3,1.7284236633081673,24.447320351630825,1.1844839738221462e-07,False,False,False
762698,182,3,1.7284236633081673,23.22495326600278,7.053546996775259e-07,False,False,False
1501310,182,3,1.7284236633081673,22.119002611089932,3.7639760599188448e-06,False,False,False
2955209,182,3,1.7284236633081673,21.113592793491982,1.8272266187661825e-05,False,False,False
5817091,182,3,1.7284236633081673,20.195610463653587,8.17057079697241e-05,False,False,False
11450475,182,3,1.7284236633081673,19.354126696710598,0.0003400440971067013,False,False,False
22539339,182,3,1.7284236633081673,18.579961561326126,0.0013287023475466978,False,False,False
44366873,182,3,1.7284236633081673,17.86534765998906,0.004910582386995017,False,False,False
87332616,182,3,1.7284236633081673,17.20366811277155,0.017273436143388398,False,False,False
171907220,182,3,1.7284236633081673,16.58925139292872,0.05814352029726791,False,False,False
338385515,182,3,1.7284236633081673,16.01720824136144,0.18815394912477254,False,False,False
666084629,182,3,1.7284236633081673,15.483301299276597,0.5877023796930603,False,False,False
1311133937,182,3,1.7284236633081673,14.983839967181755,1.7780744051748418,False,False,False
2580861540,182,3,1.7284236633081673,14.51559496809352,5.226561690504667,False,False,False
5080218046,182,3,1.7284236633081673,14.075728453916847,14.966464228601188,False,False,False
10000000000,182,3,1.7284236633081673,13.661736440456487,41.848947182342464,False,False,False
30000000000,182,3,1.7284236633081673,13.039589891452522,212.03557945919195,False,False,False
70000000000,182,3,1.7284236633081673,12.597153469751877,716.2525688630582,False,False,False
100000000000,182,3,1.7284236633081673,12.419760400414988,1186.039051758795,False,False,False
300000000000,182,3,1.7284236633081673,11.903452213540447,5455.800792144842,False,False,False
1000000000000,182,3,1.7284236633081673,11.384780367047073,27835.18598293328,False,False,False
3000000000000,182,3,1.7284236633081673,10.949429889758205,118987.68849991201,False,False,False
10000000000000,182,3,1.7284236633081673,10.509028031120375,565671.0764984869,False,False,False
30000000000000,182,3,1.7284236633081673,10.136984139452016,2284338.4765969384,True,False,False
100000000000000,182,3,1.7284236633081673,9.758383171754634,10275299.624196291,True,False,False
300000000000000,182,3,1.7284236633081673,9.436776966969623,39669767.71615324,True,False,False
1000000000000000,182,3,1.7284236633081673,9.107824293637659,170743964.1814616,True,False,False
100000,184,2,1.3831961855839174,22.106292525024955,3.281131808525739e-07,False,False,False
196841,184,2,1.3831961855839174,20.87817338255938,1.9326895152991715e-06,False,False,False
387467,184,2,1.3831961855839174,19.7793163958918,1.009371708220502e-05,False,False,False
762698,184,2,1.3831961855839174,18.790349711984934,4.759540168367163e-05,False,False,False
1501310,184,2,1.3831961855839174,17.89557075023644,0.00020563336553214648,False,False,False
2955209,184,2,1.3831961855839174,17.082135224224725,0.0008238834309018154,False,False,False
5817091,184,2,1.3831961855839174,16.339433664849107,0.0030917351362918966,False,False,False
11450475,184,2,1.3831961855839174,15.658623930735976,0.010957343551091707,False,False,False
22539339,184,2,1.3831961855839174,15.032278918882094,0.036931783128478994,False,False,False
44366873,184,2,1.3831961855839174,14.454114349017262,0.11908207247095415,False,False,False
87332616,184,2,1.3831961855839174,13.918776777092633,0.36916668242248896,False,False,False
171907220,184,2,1.3831961855839174,13.421677605244678,1.1050825438312573,False,False,False
338385515,184,2,1.3831961855839174,12.95886113602794,3.2060492447645097,False,False,False
666084629,184,2,1.3831961855839174,12.526899097589043,9.04357596313839,False,False,False
1311133937,184,2,1.3831961855839174,12.122805578425153,24.872243292812982,False,False,False
2580861540,184,2,1.3831961855839174,11.743967904007292,66.85778739003568,False,False,False
5080218046,184,2,1.3831961855839174,11.3880900887408,176.02700611240357,False,False,False
10000000000,184,2,1.3831961855839174,11.053146262512477,454.79369542631866,False,False,False
30000000000,184,2,1.3831961855839174,10.549793205393447,2046.1962405074494,False,False,False
70000000000,184,2,1.3831961855839174,10.19183618417335,6352.077616011048,False,False,False
100000000000,184,2,1.3831961855839174,10.048314784102251,10168.064989938652,False,False,False
300000000000,184,2,1.3831961855839174,9.630591171080608,42382.16057229709,False,False,False
1000000000000,184,2,1.3831961855839174,9.210955218760398,195842.96387451113,False,False,False
3000000000000,184,2,1.3831961855839174,8.85873114227487,770396.9173477755,False,False,False
10000000000000,184,2,1.3831961855839174,8.502420201932676,3367101.9011947326,False,False,False
30000000000000,184,2,1.3831961855839174,8.201414867171048,12664880.267553343,True,False,False
100000000000000,184,2,1.3831961855839174,7.895104473223198,52995589.91004491,True,False,False
300000000000000,184,2,1.3831961855839174,7.634906186137703,192413603.84537205,True,False,False
1000000000000000,184,2,1.3831961855839174,7.368764175008319,777755610.448155,True,False,False
100000,186,3,2.7317040655732536,44.132740869606515,1.760388697319455e-16,False,False,False
196841,186,3,2.7317040655732536,41.680938342788394,3.5252175737689322e-15,False,False,False
387467,186,3,2.7317040655732536,39.487193254576134,5.5027378598496834e-14,False,False,False
762698,186,3,2.7317040655732536,37.5128318667438,6.950950175192336e-13,False,False,False
1501310,186,3,2.7317040655732536,35.72650573314546,7.32431104937654e-12,False,False,False
2955209,186,3,2.7317040655732536,34.102572672322694,6.599842506016248e-11,False,False,False
5817091,186,3,2.7317040655732536,32.6198520656777,5.191062686764923e-10,False,False,False
11450475,186,3,2.7317040655732536,31.260691566778682,3.625461222256249e-09,False,False,False
22539339,186,3,2.7317040655732536,30.01026379505594,2.2808354860785568e-08,False,False,False
44366873,186,3,2.7317040655732536,28.856022887723906,1.3083587509935187e-07,False,False,False
87332616,186,3,2.7317040655732536,27.787281292417106,6.914445882221346e-07,False,False,False
171907220,186,3,2.7317040655732536,26.79487838664596,3.3965442770424757e-06,False,False,False
338385515,186,3,2.7317040655732536,25.870917062828028,1.5627352777126475e-05,False,False,False
666084629,186,3,2.7317040655732536,25.008553159593223,6.77917075463969e-05,False,False,False
1311133937,186,3,2.7317040655732536,24.201825638541965,0.0002788772355265737,False,False,False
2580861540,186,3,2.7317040655732536,23.445518587153714,0.001093409832140619,False,False,False
5080218046,186,3,2.7317040655732536,22.735048326949823,0.004104004418338848,False,False,False
10000000000,186,3,2.7317040655732536,22.066370434803257,0.014804093387616724,False,False,False
30000000000,186,3,2.7317040655732536,21.0614823464632,0.10998375913357754,False,False,False
70000000000,186,3,2.7317040655732536,20.34686118409147,0.4877467019232837,False,False,False
100000000000,186,3,2.7317040655732536,20.06033675891205,0.9007873599290864,False,False,False
300000000000,186,3,2.7317040655732536,19.226398279733296,5.692812529427598,False,False,False
1000000000000,186,3,2.7317040655732536,18.388642029002714,39.961253362370115,False,False,False
3000000000000,186,3,2.7317040655732536,17.68546604967577,223.2863318783088,False,False,False
10000000000000,186,3,2.7317040655732536,16.974131103694813,1391.8384487251913,False,False,False
30000000000000,186,3,2.7317040655732536,16.373207614404787,7066.208655105108,True,False,False
100000000000000,186,3,2.7317040655732536,15.761693167716611,40121.165055229925,True,False,False
300000000000000,186,3,2.7317040655732536,15.242236385641542,188783.53436682932,True,False,False
1000000000000000,186,3,2.7317040655732536,14.710913623202172,994805.1579543485,True,False,False
100000,188,2,1.349664156842489,22.039303759797605,3.423406413684407e-07,False,False,False
196841,188,2,1.349664156842489,20.814906190491012,2.0090031368867534e-06,False,False,False
387467,188,2,1.349664156842489,19.719379073480006,1.0457394885642887e-05,False,False,False
762698,188,2,1.349664156842489,18.73340925831225,4.916271436299859e-05,False,False,False
1501310,188,2,1.349664156842489,17.841341747962993,0.0002118297100667962,False,False,False
2955209,188,2,1.349664156842489,17.030371178090707,0.000846620032216075,False,False,False
5817091,188,2,1.349664156842489,16.289920229501078,0.0031699150598226795,False,False,False
11450475,188,2,1.349664156842489,15.61117355518829,0.01121126573610098,False,False,False
22539339,188,2,1.349664156842489,14.986726558521845,0.03771597569390364,False,False,False
44366873,188,2,1.349664156842489,14.410314002505086,0.12139772971848188,False,False,False
87332616,188,2,1.349664156842489,13.876598665646895,0.37573543238994583,False,False,False
171907220,188,2,1.349664156842489,13.381005854925753,1.1230527801358494,False,False,False
338385515,188,2,1.349664156842489,12.919591859858157,3.2536179140479575,False,False,False
666084629,188,2,1.349664156842489,12.488938797293317,9.1657513538327,False,False,False
1311133937,188,2,1.349664156842489,12.086069803945076,25.177408896078973,False,False,False
2580861540,188,2,1.349664156842489,11.708380122479996,67.6004378349485,False,False,False
5080218046,188,2,1.349664156842489,11.353580724835522,177.79046288540272,False,False,False
10000000000,188,2,1.349664156842489,11.019651879898802,458.883870764317,False,False,False
30000000000,188,2,1.349664156842489,10.517824135074072,2061.4518962728584,False,False,False
70000000000,188,2,1.349664156842489,10.160951832100096,6392.498452947617,False,False,False
100000000000,188,2,1.349664156842489,10.017865345362546,10228.319096854411,False,False,False
300000000000,188,2,1.349664156842489,9.601407561471273,42579.37721712488,False,False,False
1000000000000,188,2,1.349664156842489,9.183043233249002,196504.240252155,False,False,False
3000000000000,188,2,1.349664156842489,8.831886502449793,772173.5959905118,False,False,False
10000000000000,188,2,1.349664156842489,8.476655292229848,3371225.08561391,False,False,False
30000000000000,188,2,1.349664156842489,8.176562094846286,12668828.062467251,True,False,False
100000000000000,188,2,1.349664156842489,7.87117991421343,52962925.5546863,True,False,False
300000000000000,188,2,1.349664156842489,7.61177010678577,192143446.87712497,True,False,False
1000000000000000,188,2,1.349664156842489,7.346434586599202,776037488.4974303,True,False,False
100000,190,3,1.8639863035676316,30.761720707341155,7.701545991066832e-11,False,False,False
196841,190,3,1.8639863035676316,29.052747662082734,7.337506912308184e-10,False,False,False
387467,190,3,1.8639863035676316,27.523647670172608,5.892366116507858e-09,False,False,False
762698,190,3,1.8639863035676316,26.147464084219898,4.092321601310374e-08,False,False,False
1501310,190,3,1.8639863035676316,24.902346184646607,2.509854876568128e-07,False,False,False
2955209,190,3,1.8639863035676316,23.770420673560785,1.3827359015224288e-06,False,False,False
5817091,190,3,1.8639863035676316,22.7369240837298,6.940111195855693e-06,False,False,False
11450475,190,3,1.8639863035676316,21.789552249582606,3.210967241890587e-05,False,False,False
22539339,190,3,1.8639863035676316,20.917970083587377,0.00013830440602764646,False,False,False
44366873,190,3,1.8639863035676316,20.113432778160494,0.0005592352696293913,False,False,False
87332616,190,3,1.8639863035676316,19.36849081862343,0.002137965519584252,False,False,False
171907220,190,3,1.8639863035676316,18.676759001950565,0.007775007210129046,False,False,False
338385515,190,3,1.8639863035676316,18.032732829371586,0.027038005045590424,False,False,False
666084629,190,3,1.8639863035676316,17.431641734264215,0.09032260671368228,False,False,False
1311133937,190,3,1.8639863035676316,16.869330710735763,0.2909941232156328,False,False,False
2580861540,190,3,1.8639863035676316,16.342164125897146,0.9072765546172389,False,False,False
5080218046,190,3,1.8639863035676316,15.846947031181973,2.745878211991297,False,False,False
10000000000,190,3,1.8639863035676316,15.380860353670577,8.088556451393197,False,False,False
30000000000,190,3,1.8639863035676316,14.680426025175485,44.319533072396226,False,False,False
70000000000,190,3,1.8639863035676316,14.182315638753192,158.28199775271366,False,False,False
100000000000,190,3,1.8639863035676316,13.982600321518706,268.01478253543553,False,False,False
300000000000,190,3,1.8639863035676316,13.401322520092403,1315.6313363790543,False,False,False
1000000000000,190,3,1.8639863035676316,12.817383628058815,7164.979461204957,False,False,False
3000000000000,190,3,1.8639863035676316,12.327250845504553,32352.995929565215,False,False,False
10000000000000,190,3,1.8639863035676316,11.83143104128506,162571.4040331751,False,False,False
30000000000000,190,3,1.8639863035676316,11.412571025347294,687974.9456515935,True,False,False
100000000000000,190,3,1.8639863035676316,10.986328824050412,3245614.8900846527,True,False,False
300000000000000,190,3,1.8639863035676316,10.624253318771016,13047813.604047649,True,False,False
1000000000000000,190,3,1.8639863035676316,10.253906902447053,58532964.58198115,True,False,False
100000,192,2,2.6406472633874785,44.03783174945682,1.8711293964688807e-16,False,False,False
196841,192,2,2.6406472633874785,41.59130191624476,3.7272736157669665e-15,False,False,False
387467,192,2,2.6406472633874785,39.40227455940501,5.790756298609325e-14,False,False,False
762698,192,2,2.6406472633874785,37.43215911004113,7.283777180374819e-13,False,False,False
1501310,192,2,2.6406472633874785,35.64967453802041,7.645587922000007e-12,False,False,False
2955209,192,2,2.6406472633874785,34.02923380636071,6.865323081979731e-11,False,False,False
5817091,192,2,2.6406472633874785,32.54970184618161,5.382683817581405e-10,False,False,False
11450475,192,2,2.6406472633874785,31.193464273086683,3.7483181871440495e-09,False,False,False
22539339,192,2,2.6406472633874785,29.945725593346143,2.351794061083652e-08,False,False,False
44366873,192,2,2.6406472633874785,28.7939669245245,1.345718271563456e-07,False,False,False
87332616,192,2,2.6406472633874785,27.727523698239864,7.095557412705329e-07,False,False,False
171907220,192,2,2.6406472633874785,26.737254992266074,3.4780798294169225e-06,False,False,False
338385515,192,2,2.6406472633874785,25.81528068204775,1.5970728710166713e-05,False,False,False
666084629,192,2,2.6406472633874785,24.954771324841406,6.915291161210714e-05,False,False,False
1311133937,192,2,2.6406472633874785,24.149778701684887,0.00028398376020046846,False,False,False
2580861540,192,2,2.6406472633874785,23.39509811707381,0.0011116217867059798,False,False,False
5080218046,192,2,2.6406472633874785,22.686155749902618,0.004165991113906143,False,False,False
10000000000,192,2,2.6406472633874785,22.01891587472841,0.015006099190720216,False,False,False
30000000000,192,2,2.6406472633874785,21.016188836040698,0.11124385342398814,False,False,False
70000000000,192,2,2.6406472633874785,20.303104493372995,0.49257727738792184,False,False,False
100000000000,192,2,2.6406472633874785,20.0171962497531,0.9091482595744907,False,False,False
300000000000,192,2,2.6406472633874785,19.1850511866586,5.735356786766512,False,False,False
1000000000000,192,2,2.6406472633874785,18.349096562273676,40.18742893926601,False,False,False
3000000000000,192,2,2.6406472633874785,17.64743278935389,224.2107944361546,False,False,False
10000000000000,192,2,2.6406472633874785,16.93762759594493,1395.4646668154053,False,False,False
30000000000000,192,2,2.6406472633874785,16.337996415234024,7075.468960114036,True,False,False
100000000000000,192,2,2.6406472633874785,15.727797053377436,40120.94690354757,True,False,False
300000000000000,192,2,2.6406472633874785,15.209457382661668,188571.7345565773,True,False,False
1000000000000000,192,2,2.6406472633874785,14.679277249818941,992554.2971682649,True,False,False
100000,194,2,1.3342217751852523,22.482471998406904,2.1726774117323057e-07,False,False,False
196841,194,2,1.3342217751852523,21.233454136188115,1.3068022136625534e-06,False,False,False
387467,194,2,1.3342217751852523,20.115898064538346,6.953761768469766e-06,False,False,False
762698,194,2,1.3342217751852523,19.11010228249468,3.3345901358381495e-05,False,False,False
1501310,194,2,1.3342217751852523,18.20009700098937,0.00014627959690105877,False,False,False
2955209,194,2,1.3342217751852523,17.372819364299943,0.0005942476767644002,False,False,False
5817091,194,2,1.3342217751852523,16.61747936357693,0.002258358115282442,False,False,False
11450475,194,2,1.3342217751852523,15.925084392049518,0.008097057291591405,False,False,False
22539339,194,2,1.3342217751852523,15.28808096081356,0.027583609951983935,False,False,False
44366873,194,2,1.3342217751852523,14.700077850941456,0.08981937617234409,False,False,False
87332616,194,2,1.3342217751852523,14.15563051962772,0.2809975070617222,False,False,False
171907220,194,2,1.3342217751852523,13.650072285525312,0.848297937445705,False,False,False
338385515,194,2,1.3342217751852523,13.17938013767701,2.4805286352614697,False,False,False
666084629,194,2,1.3342217751852523,12.740067465840088,7.0486603910244705,False,False,False
1311133937,194,2,1.3342217751852523,12.329097547702284,19.5194571265664,False,False,False
2580861540,194,2,1.3342217751852523,11.943813249242947,52.80858257448925,False,False,False
5080218046,194,2,1.3342217751852523,11.581879514423969,139.8820105714304,False,False,False
10000000000,194,2,1.3342217751852523,11.241235999203452,363.47315653399653,False,False,False
30000000000,194,2,1.3342217751852523,10.729317458399725,1649.3967390824873,False,False,False
70000000000,194,2,1.3342217751852523,10.365269136090424,5151.563574682058,False,False,False
100000000000,194,2,1.3342217751852523,10.21930545382132,8266.511052198312,False,False,False
300000000000,194,2,1.3342217751852523,9.794473500557286,34701.97102586615,False,False,False
1000000000000,194,2,1.3342217751852523,9.367696666002878,161502.87919918264,False,False,False
3000000000000,194,2,1.3342217751852523,9.009478845091197,639130.9995750684,False,False,False
10000000000000,194,2,1.3342217751852523,8.647104614771887,2810378.7923232378,False,False,False
30000000000000,194,2,1.3342217751852523,8.340977117251054,10625129.083328635,True,False,False
100000000000000,194,2,1.3342217751852523,8.029454285145324,44692699.81385557,True,False,False
300000000000000,194,2,1.3342217751852523,7.764828242727273,162987982.22894815,True,False,False
1000000000000000,194,2,1.3342217751852523,7.494157332802302,661804685.8210795,True,False,False
100000,196,2,1.5843883580324871,26.973171946542305,2.8929615409625336e-09,False,False,False
196841,196,2,1.5843883580324871,25.474672423699918,2.2330877078103618e-08,False,False,False
387467,196,2,1.5843883580324871,24.133893167635566,1.4854578208672666e-07,False,False,False
762698,196,2,1.5843883580324871,22.927197454900192,8.70828650794756e-07,False,False,False
1501310,196,2,1.5843883580324871,21.835425654537502,4.581568656884911e-06,False,False,False
2955209,196,2,1.5843883580324871,20.842905706395936,2.1956431677867583e-05,False,False,False
5817091,196,2,1.5843883580324871,19.93669238078624,9.703100535792892e-05,False,False,False
11450475,196,2,1.5843883580324871,19.105996867265596,0.0003994920076118076,False,False,False
22539339,196,2,1.5843883580324871,18.341756925924514,0.001545575056302421,False,False,False
44366873,196,2,1.5843883580324871,17.636304741271257,0.0056600011133686534,False,False,False
87332616,196,2,1.5843883580324871,16.983108265171918,0.019741407018741722,False,False,False
171907220,196,2,1.5843883580324871,16.376568682762972,0.06592948587836561,False,False,False
338385515,196,2,1.5843883580324871,15.811859417754247,0.21179057924079395,False,False,False
666084629,196,2,1.5843883580324871,15.284797436465363,0.6570191387612506,False,False,False
1311133937,196,2,1.5843883580324871,14.791739454781993,1.9751021515239546,False,False,False
2580861540,196,2,1.5843883580324871,14.32949759670771,5.770966874525808,False,False,False
5080218046,196,2,1.5843883580324871,13.895270396815354,16.43246021723253,False,False,False
10000000000,196,2,1.5843883580324871,13.486585973271152,45.704909905281795,False,False,False
30000000000,196,2,1.5843883580324871,12.872415662074928,229.73281060571446,False,False,False
70000000000,196,2,1.5843883580324871,12.435651502190959,771.6441090860741,False,False,False
100000000000,196,2,1.5843883580324871,12.260532702973775,1274.8589534794226,False,False,False
300000000000,196,2,1.5843883580324871,11.750843851828394,5825.683856936657,False,False,False
1000000000000,196,2,1.5843883580324871,11.238821644392628,29525.321434991998,False,False,False
3000000000000,196,2,1.5843883580324871,10.809052583479257,125510.06556548901,False,False,False
10000000000000,196,2,1.5843883580324871,10.37429690251627,593319.1939802303,False,False,False
30000000000000,196,2,1.5843883580324871,10.00702280433084,2384588.16815166,True,False,False
100000000000000,196,2,1.5843883580324871,9.63327569519368,10674300.393241674,True,False,False
300000000000000,196,2,1.5843883580324871,9.315792646880272,41040620.58461109,True,False,False
1000000000000000,196,2,1.5843883580324871,8.991057315514102,175900896.8024853,True,False,False
100000,198,3,2.9340525148749763,50.460015546252606,3.378643176173958e-19,False,False,False
196841,198,3,2.9340525148749763,47.65670011236379,9.61567549442451e-18,False,False,False
387467,198,3,2.9340525148749763,45.14843959931824,2.0557249640776257e-16,False,False,False
762698,198,3,2.9340525148749763,42.89101564692212,3.4463776946230817e-15,False,False,False
1501310,198,3,2.9340525148749763,40.84858540814839,4.691482219278851e-14,False,False,False
2955209,198,3,2.9340525148749763,38.99183040312165,5.335684633474918e-13,False,False,False
5817091,198,3,2.9340525148749763,37.29653336541644,5.1907919811062055e-12,False,False,False
11450475,198,3,2.9340525148749763,35.74251114624516,4.405223890055054e-11,False,False,False
22539339,198,3,2.9340525148749763,34.31281057570912,3.3155522016187935e-10,False,False,False
44366873,198,3,2.9340525148749763,32.99308710101766,2.2441760238052894e-09,False,False,False
87332616,198,3,2.9340525148749763,31.77112090423318,1.3823946850630901e-08,False,False,False
171907220,198,3,2.9340525148749763,30.636438011971542,7.82894725121114e-08,False,False,False
338385515,198,3,2.9340525148749763,29.58000911484638,4.1122682708108386e-07,False,False,False
666084629,198,3,2.9340525148749763,28.594008809714115,2.0186787106434845e-06,False,False,False
1311133937,198,3,2.9340525148749763,27.671621429013932,9.32253737762679e-06,False,False,False
2580861540,198,3,2.9340525148749763,26.806883259147078,4.073756625995624e-05,False,False,False
5080218046,198,3,2.9340525148749763,25.994553463430083,0.00016930000030577393,False,False,False
10000000000,198,3,2.9340525148749763,25.230007773126303,0.0006721493933944114,False,False,False
30000000000,198,3,2.9340525148749763,24.081049707963302,0.005767416960524992,False,False,False
70000000000,198,3,2.9340525148749763,23.263973898656555,0.02833626596404837,False,False,False
100000000000,198,3,2.9340525148749763,22.936370702842094,0.05452690476605856,False,False,False
300000000000,198,3,2.9340525148749763,21.982871151379648,0.38836506666625403,False,False,False
1000000000000,198,3,2.9340525148749763,21.025006477605253,3.0740774318885045,False,False,False
3000000000000,198,3,2.9340525148749763,20.22101673780133,18.99856069018083,False,False,False
10000000000000,198,3,2.9340525148749763,19.407698287020235,131.14093149468752,False,False,False
30000000000000,198,3,2.9340525148749763,18.72062089245565,725.6915359068531,True,False,False
100000000000000,198,3,2.9340525148749763,18.021434123661646,4497.951225909297,True,False,False
300000000000000,198,3,2.9340525148749763,17.427503250966495,22800.743304995893,True,False,False
1000000000000000,198,3,2.9340525148749763,16.820005182084202,129659.82653902115,True,False,False
100000,200,2,1.7604315089249856,30.581827603789456,8.707247949567978e-11,False,False,False
196841,200,2,1.7604315089249856,28.88284855294775,8.213177055651504e-10,False,False,False
387467,200,2,1.7604315089249856,27.362690666253474,6.536855403281332e-09,False,False,False
762698,200,2,1.7604315089249856,25.99455493752856,4.503537371578208e-08,False,False,False
1501310,200,2,1.7604315089249856,24.75671842918084,2.7420183546187255e-07,False,False,False
2955209,200,2,1.7604315089249856,23.63141236552827,1.5006734410616077e-06,False,False,False
5817091,200,2,1.7604315089249856,22.603959615403898,7.486668094312098e-06,False,False,False
11450475,200,2,1.7604315089249856,21.662127967421306,3.444704352695409e-05,False,False,False
22539339,200,2,1.7604315089249856,20.79564277315704,0.0001476177250295793,False,False,False
44366873,200,2,1.7604315089249856,19.995810364253124,0.0005940920422143292,False,False,False
87332616,200,2,1.7604315089249856,19.25522479044435,0.002261350722090848,False,False,False
171907220,200,2,1.7604315089249856,18.567538189073662,0.008190515057323053,False,False,False
338385515,200,2,1.7604315089249856,17.92727825142205,0.028375884146463803,False,False,False
666084629,200,2,1.7604315089249856,17.329702308917643,0.094459275242611,False,False,False
1311133937,200,2,1.7604315089249856,16.770679653947838,0.3033222327308216,False,False,False
2580861540,200,2,1.7604315089249856,16.24659591463459,0.9428027731323033,False,False,False
5080218046,200,2,1.7604315089249856,15.75427482632126,2.84514702982996,False,False,False
10000000000,200,2,1.7604315089249856,15.290913801894728,8.358160917203682,False,False,False
30000000000,200,2,1.7604315089249856,14.594575580583818,45.609568852601505,False,False,False
70000000000,200,2,1.7604315089249856,14.099378120397912,162.4154149051914,False,False,False
100000000000,200,2,1.7604315089249856,13.900830728995206,274.6927818815828,False,False,False
300000000000,200,2,1.7604315089249856,13.322952212957361,1343.836452303417,False,False,False
1000000000000,200,2,1.7604315089249856,12.742428168245608,7293.636390893228,False,False,False
3000000000000,200,2,1.7604315089249856,12.255161659273533,32839.67535666464,False,False,False
10000000000000,200,2,1.7604315089249856,11.762241386072867,164539.1533326691,False,False,False
30000000000000,200,2,1.7604315089249856,11.345830843912514,694598.6443859523,True,False,False
100000000000000,200,2,1.7604315089249856,10.922081287067662,3268705.2020455156,True,False,False
300000000000000,200,2,1.7604315089249856,10.562123182403935,13112845.238539398,True,False,False
1000000000000000,200,2,1.7604315089249856,10.193942534596486,58697436.030451424,True,False,False
100000,202,2,1.3336602340340802,23.399731727141937,8.678638291845974e-08,False,False,False
196841,202,2,1.3336602340340802,22.09975533217972,5.492843305226588e-07,False,False,False
387467,202,2,1.3336602340340802,20.93660422190607,3.0592067594362503e-06,False,False,False
762698,202,2,1.3336602340340802,19.88977309613928,1.5284558789683847e-05,False,False,False
1501310,202,2,1.3336602340340802,18.942640616267163,6.958543361660224e-05,False,False,False
2955209,202,2,1.3336602340340802,18.081610976654208,0.0002923885651798814,False,False,False
5817091,202,2,1.3336602340340802,17.295453948149955,0.0011459597585898003,False,False,False
11450475,202,2,1.3336602340340802,16.574810035678425,0.00422641489311965,False,False,False
22539339,202,2,1.3336602340340802,15.91181757643077,0.014776885574108008,False,False,False
44366873,202,2,1.3336602340340802,15.29982459689065,0.04928565240199038,False,False,False
87332616,202,2,1.3336602340340802,14.733164422991512,0.15765213526693386,False,False,False
171907220,202,2,1.3336602340340802,14.206979978003334,0.4858516152771877,False,False,False
338385515,202,2,1.3336602340340802,13.717084116618388,1.4482367093136208,False,False,False
666084629,202,2,1.3336602340340802,13.259847978793047,4.189729219150598,False,False,False
1311133937,202,2,1.3336602340340802,12.832110947338878,11.798559005171823,False,False,False
2580861540,202,2,1.3336602340340802,12.431107480137076,32.425933890783725,False,False,False
5080218046,202,2,1.3336602340340802,12.054407253473087,87.16915860000859,False,False,False
10000000000,202,2,1.3336602340340802,11.699865863570968,229.67255454470697,False,False,False
30000000000,202,2,1.3336602340340802,11.167061618477014,1064.2224986085573,False,False,False
70000000000,202,2,1.3336602340340802,10.788160531516585,3373.6252765924983,False,False,False
100000000000,202,2,1.3336602340340802,10.636241694155425,5445.858086688014,False,False,False
300000000000,202,2,1.3336602340340802,10.194077072035558,23260.856092034468,False,False,False
1000000000000,202,2,1.3336602340340802,9.749888219642473,110157.42209764967,False,False,False
3000000000000,202,2,1.3336602340340802,9.377055512019902,442354.59411802527,False,False,False
10000000000000,202,2,1.3336602340340802,8.999896818131514,1974087.1884017538,False,False,False
30000000000000,202,2,1.3336602340340802,8.681279660872455,7557181.899799359,True,False,False
100000000000000,202,2,1.3336602340340802,8.357047045407834,32194526.347084478,True,False,False
300000000000000,202,2,1.3336602340340802,8.081624556233315,118683370.1432183,True,False,False
1000000000000000,202,2,1.3336602340340802,7.799910575713979,487259224.0065556,True,False,False
100000,204,3,2.816690414279977,49.90954264938439,5.624460903287085e-19,False,False,False
196841,204,3,2.816690414279977,47.13680883841072,1.5525190685688986e-17,False,False,False
387467,204,3,2.816690414279977,44.65591116732567,3.229524793905616e-16,False,False,False
762698,204,3,2.816690414279977,42.4231136580466,5.2825225020508286e-15,False,False,False
1501310,204,3,2.816690414279977,40.40296447642313,7.032536896653228e-14,False,False,False
2955209,204,3,2.816690414279977,38.566464980542136,7.83781920666963e-13,False,False,False
5817091,204,3,2.816690414279977,36.88966209233916,7.48525856433775e-12,False,False,False
11450475,204,3,2.816690414279977,35.35259284283157,6.245663564993199e-11,False,False,False
22539339,204,3,2.816690414279977,33.93848900579229,4.627995152116414e-10,False,False,False
44366873,204,3,2.816690414279977,32.6331625144611,3.0877448998604627e-09,False,False,False
87332616,204,3,2.816690414279977,31.424526858005176,1.8768396518236598e-08,False,False,False
171907220,204,3,2.816690414279977,30.302222324568216,1.0498388226797218e-07,False,False,False
338385515,204,3,2.816690414279977,29.25731810632078,5.451243680975787e-07,False,False,False
666084629,204,3,2.816690414279977,28.282074168153592,2.647341266745285e-06,False,False,False
1311133937,204,3,2.816690414279977,27.36974919524287,1.2103383985344268e-05,False,False,False
2580861540,204,3,2.816690414279977,26.51444453268365,5.239270701908776e-05,False,False,False
5080218046,204,3,2.816690414279977,25.710976516556297,0.00021581622671447843,False,False,False
10000000000,204,3,2.816690414279977,24.954771324692196,0.000849709971558869,False,False,False
30000000000,204,3,2.816690414279977,23.81834734751279,0.007200170303916627,False,False,False
70000000000,204,3,2.816690414279977,23.010185092489394,0.03506169691818266,False,False,False
100000000000,204,3,2.816690414279977,22.68615574972018,0.06722782362596756,False,False,False
300000000000,204,3,2.816690414279977,21.743058011546413,0.47387185452612807,False,False,False
1000000000000,204,3,2.816690414279977,20.79564277057683,3.71190991707798,False,False,False
3000000000000,204,3,2.816690414279977,20.000423827934405,22.74019670578319,False,False,False
10000000000000,204,3,2.816690414279977,19.195977942070922,155.581686421054,False,False,False
30000000000000,204,3,2.816690414279977,18.516395937265223,854.5098276443747,True,False,False
100000000000000,204,3,2.816690414279977,17.824836660494427,5256.142951671918,True,False,False
300000000000000,204,3,2.816690414279977,17.23738503368322,26472.04734968837,True,False,False
1000000000000000,204,3,2.816690414279977,16.636514216461464,149542.89474296675,True,False,False
100000,206,2,1.3333961428986278,23.8583673865405,5.485075940403653e-08,False,False,False
196841,206,2,1.3333961428986278,22.532911403262556,3.5611798809788625e-07,False,False,False
387467,206,2,1.3333961428986278,21.346962485618246,2.029114214508381e-06,False,False,False
762698,206,2,1.3333961428986278,20.279613428738248,1.0348118516506767e-05,False,False,False
1501310,206,2,1.3333961428986278,19.31391711512183,4.7994226386268464e-05,False,False,False
2955209,206,2,1.3333961428986278,18.436011260809906,0.0002050974632762211,False,False,False
5817091,206,2,1.3333961428986278,17.634445523720302,0.0008163214139125915,False,False,False
11450475,206,2,1.3333961428986278,16.899676962306557,0.0030535019877471884,False,False,False
22539339,206,2,1.3333961428986278,16.22368982486049,0.010815647049801565,False,False,False
44366873,206,2,1.3333961428986278,15.599701758924011,0.03650896368756096,False,False,False
87332616,206,2,1.3333961428986278,15.021935023396662,0.11808707669715553,False,False,False
171907220,206,2,1.3333961428986278,14.485437342654054,0.3676928176217682,False,False,False
338385515,206,2,1.3333961428986278,13.985939503176242,1.1066011911846019,False,False,False
666084629,206,2,1.3333961428986278,13.519741519120455,3.230201523958667,False,False,False
1311133937,206,2,1.3333961428986278,13.083620825077427,9.173046801978511,False,False,False
2580861540,206,2,1.3333961428986278,12.674757674194383,25.409174202497983,False,False,False
5080218046,206,2,1.3333961428986278,12.290674108316672,68.81251884338879,False,False,False
10000000000,206,2,1.3333961428986278,11.92918369327025,182.57092899264953,False,False,False
30000000000,206,2,1.3333961428986278,11.385936464080219,854.8507380015905,False,False,False
70000000000,206,2,1.3333961428986278,10.999608900957957,2730.108923281933,False,False,False
100000000000,206,2,1.3333961428986278,10.8447124484275,4420.207063616292,False,False,False
300000000000,206,2,1.3333961428986278,10.393881382375994,19044.333475977146,False,False,False
1000000000000,206,2,1.3333961428986278,9.940986411058542,90977.68183554338,False,False,False
3000000000000,206,2,1.3333961428986278,9.56084616774711,368014.78516695596,False,False,False
10000000000000,206,2,1.3333961428986278,9.176295148669423,1654518.0177651043,False,False,False
30000000000000,206,2,1.3333961428986278,8.851433082634523,6373488.054206387,True,False,False
100000000000000,206,2,1.3333961428986278,8.520845495193036,27324943.31766036,True,False,False
300000000000000,206,2,1.3333961428986278,8.240024714430874,101277167.83637813,True,False,False
1000000000000000,206,2,1.3333961428986278,7.952789128846835,418099597.8088087,True,False,False
100000,208,2,1.4403530527568063,26.022355124679027,6.8058829246051695e-09,False,False,False
196841,208,2,1.4403530527568063,24.57667840505372,4.9831842231490824e-08,False,False,False
387467,208,2,1.4403530527568063,23.28316223964841,3.161807221951959e-07,False,False,False
762698,208,2,1.4403530527568063,22.119003110478843,1.7763738368614836e-06,False,False,False
1501310,208,2,1.4403530527568063,21.065716772466605,8.992942861566892e-06,False,False,False
2955209,208,2,1.4403530527568063,20.10818361284951,4.161547216987071e-05,False,False,False
5817091,208,2,1.4403530527568063,19.233914727289132,0.00017812722532304176,False,False,False
11450475,208,2,1.4403530527568063,18.432501615914855,0.0007122142866837052,False,False,False
22539339,208,2,1.4403530527568063,17.695201486977265,0.0026822105991993906,False,False,False
44366873,208,2,1.4403530527568063,17.0146168190372,0.00958119028710598,False,False,False
87332616,208,2,1.4403530527568063,16.38444582168719,0.03265737049080768,False,False,False
171907220,208,2,1.4403530527568063,15.799287040884495,0.10675721494980601,False,False,False
338385515,208,2,1.4403530527568063,15.254484039391851,0.3361855202640223,False,False,False
666084629,208,2,1.4403530527568063,14.746001237406285,1.023720856998448,False,False,False
1311133937,208,2,1.4403530527568063,14.27032377826834,3.0244389887398393,False,False,False
2580861540,208,2,1.4403530527568063,13.824376160089068,8.694154406563138,False,False,False
5080218046,208,2,1.4403530527568063,13.405455670396998,24.380002017024292,False,False,False
10000000000,208,2,1.4403530527568063,13.011177562339514,66.84015087687207,False,False,False
30000000000,208,2,1.4403530527568063,12.418657039478592,328.7722899780809,False,False,False
70000000000,208,2,1.4403530527568063,11.997289018811314,1087.4336490290295,False,False,False
100000000000,208,2,1.4403530527568063,11.828343238490467,1785.529183156868,False,False,False
300000000000,208,2,1.4403530527568063,11.336621155752809,8013.991160167508,False,False,False
1000000000000,208,2,1.4403530527568063,10.842647968616262,39889.444693346195,False,False,False
3000000000000,208,2,1.4403530527568063,10.428028466436388,167017.71694878003,False,False,False
10000000000000,208,2,1.4403530527568063,10.00859812487655,777529.1394933058,False,False,False
30000000000000,208,2,1.4403530527568063,9.654270609001921,3084743.313289708,True,False,False
100000000000000,208,2,1.4403530527568063,9.293698258813938,13627724.401165448,True,False,False
300000000000000,208,2,1.4403530527568063,8.987406635209165,51812848.24214528,True,False,False
1000000000000000,208,2,1.4403530527568063,8.674118374893009,219543306.87987158,True,False,False
100000,210,4,4.225035621419965,77.06620556154944,1.3557615459151765e-30,False,False,False
196841,210,4,4.225035621419965,72.78477835342834,1.6918294077650356e-28,False,False,False
387467,210,4,4.225035621419965,68.95398047895875,1.35741442232829e-26,False,False,False
762698,210,4,4.225035621419965,65.50627844257197,7.482410382728989e-25,False,False,False
1501310,210,4,4.225035621419965,62.386930441535725,2.990116912777022e-23,False,False,False
2955209,210,4,4.225035621419965,59.551159161131245,9.052105636981734e-22,False,False,False
5817091,210,4,4.225035621419965,56.96197823081783,2.1527912914248397e-20,False,False,False
11450475,210,4,4.225035621419965,54.5885624779017,4.145666659714294e-19,False,False,False
22539339,210,4,4.225035621419965,52.40501978835575,6.6308886593472244e-18,False,False,False
44366873,210,4,4.225035621419965,50.38944211791787,9.000744239589714e-17,False,False,False
87332616,210,4,4.225035621419965,48.523166471919765,1.0560235341924318e-15,False,False,False
171907220,210,4,4.225035621419965,46.79019623646563,1.0878720031462037e-14,False,False,False
338385515,210,4,4.225035621419965,45.17674119358357,9.973997463271212e-14,False,False,False
666084629,210,4,4.225035621419965,43.67084981847246,8.234568381283964e-13,False,False,False
1311133937,210,4,4.225035621419965,42.262112727948555,6.184815746865516e-12,False,False,False
2580861540,210,4,4.225035621419965,40.94142170487917,4.263885370872398e-11,False,False,False
5080218046,210,4,4.225035621419965,39.70077256232958,2.719469100479318e-10,False,False,False
10000000000,210,4,4.225035621419965,38.53310278077472,1.6157253877507492e-09,False,False,False
30000000000,210,4,4.225035621419965,36.77833046307122,2.5408842149750464e-08,False,False,False
70000000000,210,4,4.225035621419965,35.530432863402744,1.9206563717348537e-07,False,False,False
100000000000,210,4,4.225035621419965,35.030093437067926,4.3927479879943174e-07,False,False,False
300000000000,210,4,4.225035621419965,33.57383957665255,5.172601523669934e-06,False,False,False
1000000000000,210,4,4.225035621419965,32.110918983978934,6.78463777880874e-05,False,False,False
3000000000000,210,4,4.225035621419965,30.883007381369307,0.0006406775262321494,False,False,False
10000000000000,210,4,4.225035621419965,29.64084829290363,0.006790475336883123,False,False,False
30000000000000,210,4,4.225035621419965,28.59149372665954,0.053981996953748404,True,False,False
100000000000000,210,4,4.225035621419965,27.523644843410512,0.4837484120600938,True,False,False
300000000000000,210,4,4.225035621419965,26.61655041965792,3.353968797892887,True,False,False
1000000000000000,210,4,4.225035621419965,25.68873518718315,26.27407441741689,True,False,False
100000,212,2,1.3462123303544007,24.78926966942463,2.1829877047215448e-08,False,False,False
196841,212,2,1.3462123303544007,23.412097238801174,1.492528812671467e-07,False,False,False
387467,212,2,1.3462123303544007,22.179875140057227,8.907000835592545e-07,False,False,False
762698,212,2,1.3462123303544007,21.070880414067265,4.735576733444887e-06,False,False,False
1501310,212,2,1.3462123303544007,20.067504703183058,2.2806804203262646e-05,False,False,False
2955209,212,2,1.3462123303544007,19.15534484688115,0.00010085839467126345,False,False,False
5817091,212,2,1.3462123303544007,18.32250373530975,0.00041418624707846395,False,False,False
11450475,212,2,1.3462123303544007,17.55906608182739,0.0015943494657045575,False,False,False
22539339,212,2,1.3462123303544007,16.85670337730024,0.005798191876465154,False,False,False
44366873,212,2,1.3462123303544007,16.208368636435768,0.020054563279051803,False,False,False
87332616,212,2,1.3462123303544007,15.60805868307783,0.06634473595931575,False,False,False
171907220,212,2,1.3462123303544007,15.050628014437356,0.2109503868659661,False,False,False
338385515,212,2,1.3462123303544007,14.531640841446812,0.6473667999466123,False,False,False
666084629,212,2,1.3462123303544007,14.047252812757948,1.9243707330625432,False,False,False
1311133937,212,2,1.3462123303544007,13.59411562537654,5.55856775899052,False,False,False
2580861540,212,2,1.3462123303544007,13.169299511980274,15.644732040891022,False,False,False
5080218046,212,2,1.3462123303544007,12.770229829806292,43.00841336664172,False,False,False
10000000000,212,2,1.3462123303544007,12.394634834712315,115.72924841055949,False,False,False
30000000000,212,2,1.3462123303544007,11.83019126473206,553.4867797403756,False,False,False
70000000000,212,2,1.3462123303544007,11.428790029357836,1794.4995270554518,False,False,False
100000000000,212,2,1.3462123303544007,11.267849849738468,2923.012989660651,False,False,False
300000000000,212,2,1.3462123303544007,10.799428323208966,12817.20553285857,False,False,False
1000000000000,212,2,1.3462123303544007,10.328862362260264,62321.34977435872,False,False,False
3000000000000,212,2,1.3462123303544007,9.933889862634663,255863.78396291588,False,False,False
10000000000000,212,2,1.3462123303544007,9.534334488240242,1167700.2174504932,False,False,False
30000000000000,212,2,1.3462123303544007,9.196797001712614,4555561.368065507,True,False,False
100000000000000,212,2,1.3462123303544007,8.853310596223082,19784536.506795377,True,False,False
300000000000000,212,2,1.3462123303544007,8.561532791383895,74137294.60977305,True,False,False
1000000000000000,212,2,1.3462123303544007,8.26308988980821,309508236.7527448,True,False,False
100000,214,2,1.3328981424717747,24.775649191584286,2.191038387951751e-08,False,False,False
196841,214,2,1.3328981424717747,23.399233449109524,1.4969000238318878e-07,False,False,False
387467,214,2,1.3328981424717747,22.167688395474777,8.927040963824291e-07,False,False,False
762698,214,2,1.3328981424717747,21.05930300724635,4.743340272414586e-06,False,False,False
1501310,214,2,1.3328981424717747,20.05647860169779,2.2831603189108554e-05,False,False,False
2955209,214,2,1.3328981424717747,19.144819932130115,0.00010091747190404749,False,False,False
5817091,214,2,1.3328981424717747,18.31243642556507,0.0004142392529901919,False,False,False
11450475,214,2,1.3328981424717747,17.54941824332089,0.0015938847751535274,False,False,False
22539339,214,2,1.3328981424717747,16.847441452367654,0.005794265412969529,False,False,False
44366873,214,2,1.3328981424717747,16.19946293938278,0.020033844692682767,False,False,False
87332616,214,2,1.3328981424717747,15.599482826658557,0.06625433751742944,False,False,False
171907220,214,2,1.3328981424717747,15.042358438605246,0.21059844298117986,False,False,False
338385515,214,2,1.3328981424717747,14.52365642340206,0.6461024833686219,False,False,False
666084629,214,2,1.3328981424717747,14.039534541981707,1.9201013118901988,False,False,False
1311133937,214,2,1.3328981424717747,13.586646331076881,5.544854774855733,False,False,False
2580861540,214,2,1.3328981424717747,13.162063633127536,15.602494205832675,False,False,False
5080218046,214,2,1.3328981424717747,12.763213220009694,42.88289481397258,False,False,False
10000000000,214,2,1.3328981424717747,12.387824595792143,115.36768565277426,False,False,False
30000000000,214,2,1.3328981424717747,11.823691159641546,551.5864773006845,False,False,False
70000000000,214,2,1.3328981424717747,11.42251047439665,1787.94404427221,False,False,False
100000000000,214,2,1.3328981424717747,11.261658723447402,2912.077413990866,False,False,False
300000000000,214,2,1.3328981424717747,10.793494571383027,12765.967748853856,False,False,False
1000000000000,214,2,1.3328981424717747,10.323187163160119,62056.16842666328,False,False,False
3000000000000,214,2,1.3328981424717747,9.928431681391457,254719.78238187966,False,False,False
10000000000000,214,2,1.3328981424717747,9.529095842917032,1162224.0939138243,False,False,False
30000000000000,214,2,1.3328981424717747,9.191743816546838,4533356.473671874,True,False,False
100000000000000,214,2,1.3328981424717747,8.84844613985153,19684386.588367544,True,False,False
300000000000000,214,2,1.3328981424717747,8.55682865248753,73750185.0049813,True,False,False
1000000000000000,214,2,1.3328981424717747,8.258549730528095,307841648.41534317,True,False,False
100000,216,2,2.6406472633874785,49.54256071813892,7.610801697252379e-19,False,False,False
196841,216,2,2.6406472633874785,46.79021465577536,2.058411314550575e-17,False,False,False
387467,216,2,2.6406472633874785,44.32755887933063,4.204472209809085e-16,False,False,False
762698,216,2,2.6406472633874785,42.11117899879627,6.765254414272647e-15,False,False,False
1501310,216,2,2.6406472633874785,40.105883855272964,8.873680142570215e-14,False,False,False
2955209,216,2,2.6406472633874785,38.2828880321558,9.757137422227673e-13,False,False,False
5817091,216,2,2.6406472633874785,36.618414576954315,9.20405875560406e-12,False,False,False
11450475,216,2,2.6406472633874785,35.09264730722252,7.593513589486769e-11,False,False,False
22539339,216,2,2.6406472633874785,33.688941292514414,5.568540294416479e-10,False,False,False
44366873,216,2,2.6406472633874785,32.39321279009006,3.679777255067966e-09,False,False,False
87332616,216,2,2.6406472633874785,31.19346416051985,2.216908155504386e-08,False,False,False
171907220,216,2,2.6406472633874785,30.079411866299335,1.2298701409019849e-07,False,False,False
338385515,216,2,2.6406472633874785,29.04219076730372,6.337171915789524e-07,False,False,False
666084629,216,2,2.6406472633874785,28.074117740446585,3.055593200309967e-06,False,False,False
1311133937,216,2,2.6406472633874785,27.168501039395498,1.3876471616002936e-05,False,False,False
2580861540,216,2,2.6406472633874785,26.319485381708038,5.969140453852813e-05,False,False,False
5080218046,216,2,2.6406472633874785,25.521925218640444,0.0002444327011428664,False,False,False
10000000000,216,2,2.6406472633874785,24.77128035906946,0.000957042237515031,False,False,False
30000000000,216,2,2.6406472633874785,23.64321244054579,0.008042187030291411,False,False,False
70000000000,216,2,2.6406472633874785,22.84099255504462,0.038929927333765525,False,False,False
100000000000,216,2,2.6406472633874785,22.519345780972237,0.07446719192167044,False,False,False
300000000000,216,2,2.6406472633874785,21.583182584990926,0.5212729711325829,False,False,False
1000000000000,216,2,2.6406472633874785,20.642733632557885,4.054864062113598,False,False,False
3000000000000,216,2,2.6406472633874785,19.853361888023127,24.696401808896915,False,False,False
10000000000000,216,2,2.6406472633874785,19.054831045438046,167.96897400224813,False,False,False
30000000000000,216,2,2.6406472633874785,18.380245967138276,917.9468143695963,True,False,False
100000000000000,216,2,2.6406472633874785,17.693771685049615,5617.709018980478,True,False,False
300000000000000,216,2,2.6406472633874785,17.110639555494377,28171.091170626303,True,False,False
1000000000000000,216,2,2.6406472633874785,16.51418690604631,158439.38043081027,True,False,False
100000,218,2,1.3326631048871385,25.23429494522029,1.3847968861373687e-08,False,False,False
196841,218,2,1.3326631048871385,23.832399053642586,9.704982913466385e-08,False,False,False
387467,218,2,1.3326631048871385,22.57805569087401,5.921213045566535e-07,False,False,False
762698,218,2,1.3326631048871385,21.449151919947628,3.211430004950605e-06,False,False,False
1501310,218,2,1.3326631048871385,20.427763272078284,1.574754782212358e-05,False,False,False
2955209,218,2,1.3326631048871385,19.49922801637842,7.079006297746544e-05,False,False,False
5817091,218,2,1.3326631048871385,18.651435462093552,0.00029508643837315577,False,False,False
11450475,218,2,1.3326631048871385,17.8742923200339,0.0011515672758972125,False,False,False
22539339,218,2,1.3326631048871385,17.159320564878836,0.00424106002010331,False,False,False
44366873,218,2,1.3326631048871385,16.49934670149447,0.01484054503615437,False,False,False
87332616,218,2,1.3326631048871385,15.888259782694687,0.04962762465370646,False,False,False
171907220,218,2,1.3326631048871385,15.320821931900126,0.15938351817128613,False,False,False
338385515,218,2,1.3326631048871385,14.79251772727152,0.4936962645610046,False,False,False
666084629,218,2,1.3326631048871385,14.299433802376997,1.4803852227796888,False,False,False
1311133937,218,2,1.3326631048871385,13.838161744364996,4.311037806887831,False,False,False
2580861540,218,2,1.3326631048871385,13.405719189748487,12.226416265033459,False,False,False
5080218046,218,2,1.3326631048871385,12.999485274914992,33.852898313082854,False,False,False
10000000000,218,2,1.3326631048871385,12.617147472610146,91.70941689499888,False,False,False
30000000000,218,2,1.3326631048871385,12.042570822520984,443.07657739291517,False,False,False
70000000000,218,2,1.3326631048871385,11.633963497662913,1446.9197789578925,False,False,False
100000000000,218,2,1.3326631048871385,11.470134066009223,2363.6688765735075,False,False,False
300000000000,218,2,1.3326631048871385,10.993303279271078,10452.046549764946,False,False,False
1000000000000,218,2,1.3326631048871385,10.514289560508455,51252.334523132704,False,False,False
3000000000000,218,2,1.3326631048871385,10.112226382217385,211916.6413555282,False,False,False
10000000000000,218,2,1.3326631048871385,9.705498055853958,974098.2843361654,False,False,False
30000000000000,218,2,1.3326631048871385,9.361900983262018,3823357.9865212864,True,False,False
100000000000000,218,2,1.3326631048871385,9.012248194721533,16707326.843892856,True,False,False
300000000000000,218,2,1.3326631048871385,8.715232296957415,62935066.72707797,True,False,False
1000000000000000,218,2,1.3326631048871385,8.411431648406763,264152675.7107681,True,False,False
100000,220,3,1.9560350099166506,37.37778929352045,1.0819065278606078e-13,False,False,False
196841,220,3,1.9560350099166506,35.3012593424917,1.4886352112537087e-12,False,False,False
387467,220,3,1.9560350099166506,33.44328859208758,1.6609487918768786e-11,False,False,False
762698,220,3,1.9560350099166506,31.771122701423796,1.5508855778067773e-10,False,False,False
1501310,220,3,1.9560350099166506,30.258211413443252,1.2432538214684703e-09,False,False,False
2955209,220,3,1.9560350099166506,28.882837335645664,8.737331237043104e-09,False,False,False
5817091,220,3,1.9560350099166506,27.62706175216032,5.476972124451209e-08,False,False,False
11450475,220,3,1.9560350099166506,26.47593418240382,3.106704655748119e-07,False,False,False
22539339,220,3,1.9560350099166506,25.4168967227475,1.6140274212088614e-06,False,False,False
44366873,220,3,1.9560350099166506,24.439323778531595,7.75921649501815e-06,False,False,False
87332616,220,3,1.9560350099166506,23.534163632765317,3.4818165639308094e-05,False,False,False
171907220,220,3,1.9560350099166506,22.693657786645588,0.0001469324535501607,False,False,False
338385515,220,3,1.9560350099166506,21.91111786284917,0.0005868773286736677,False,False,False
666084629,220,3,1.9560350099166506,21.180747266454897,0.002231076824626776,False,False,False
1311133937,220,3,1.9560350099166506,20.497497354825136,0.008111951999101466,False,False,False
2580861540,220,3,1.9560350099166506,19.856950562331168,0.028328347461721616,False,False,False
5080218046,220,3,1.9560350099166506,19.255224787725986,0.09537157514089198,False,False,False
10000000000,220,3,1.9560350099166506,18.688894646760225,0.3105588345541997,False,False,False
30000000000,220,3,1.9560350099166506,17.837814598491335,1.9783022660717973,False,False,False
70000000000,220,3,1.9560350099166506,17.232573258264114,7.864214985327334,False,False,False
100000000000,220,3,1.9560350099166506,16.989904224327475,13.900715820843596,False,False,False
300000000000,220,3,1.9560350099166506,16.28360826028122,77.32275576469617,False,False,False
1000000000000,220,3,1.9560350099166506,15.574078872300188,477.45376656703036,False,False,False
3000000000000,220,3,1.9560350099166506,14.978530916889873,2395.587867662174,False,False,False
10000000000000,220,3,1.9560350099166506,14.376072805200172,13392.26970217226,False,False,False
30000000000000,220,3,1.9560350099166506,13.867126587004185,62016.4058934972,True,False,False
100000000000000,220,3,1.9560350099166506,13.34921046197159,320659.74084056803,True,False,False
300000000000000,220,3,1.9560350099166506,12.909261667382587,1393494.0986501419,True,False,False
1000000000000000,220,3,1.9560350099166506,12.45926309784015,6769559.3696726775,True,False,False
100000,222,3,2.716094328055692,52.37356418774685,4.615042211696021e-20,False,False,False
196841,222,3,2.716094328055692,49.46394120753394,1.460770296516766e-18,False,False,False
387467,222,3,2.716094328055692,46.860562243863804,3.4346031100266977e-17,False,False,False
762698,222,3,2.716094328055692,44.51753208444176,6.272674085640464e-16,False,False,False
1501310,222,3,2.716094328055692,42.39764864700284,9.226509299103072e-15,False,False,False
2955209,222,3,2.716094328055692,40.470481633993266,1.1258928165607298e-13,False,False,False
5817091,222,3,2.716094328055692,38.710895409923125,1.1680487246592774e-12,False,False,False
11450475,222,3,2.716094328055692,37.0979414390638,1.0514510399059989e-11,False,False,False
22539339,222,3,2.716094328055692,35.61402365208666,8.354552203223313e-11,False,False,False
44366873,222,3,2.716094328055692,34.24425352095235,5.945100654401509e-10,False,False,False
87332616,222,3,2.716094328055692,32.97594782683527,3.835829873424151e-09,False,False,False
171907220,222,3,2.716094328055692,31.798235401516433,2.267869902602282e-08,False,False,False
338385515,222,3,2.716094328055692,30.701744525435355,1.2399235415810458e-07,False,False,False
666084629,222,3,2.716094328055692,29.67835303990067,6.318579485030577e-07,False,False,False
1311133937,222,3,2.716094328055692,28.720986813075235,3.0218820109102555e-06,False,False,False
2580861540,222,3,2.716094328055692,27.823455974948494,1.3645206887326322e-05,False,False,False
5080218046,222,3,2.716094328055692,26.980320945419894,5.848177517697586e-05,False,False,False
10000000000,222,3,2.716094328055692,26.186782093873425,0.00023901269507182462,False,False,False
30000000000,222,3,2.716094328055692,24.994253151434112,0.0021421954855826903,False,False,False
70000000000,222,3,2.716094328055692,24.146192129618594,0.010856181024155377,False,False,False
100000000000,222,3,2.716094328055692,23.806165539884933,0.021151477676539895,False,False,False
300000000000,222,3,2.716094328055692,22.81650730413326,0.15619730742884275,False,False,False
1000000000000,222,3,2.716094328055692,21.82231841156119,1.2821050038783213,False,False,False
3000000000000,222,3,2.716094328055692,20.98783971019587,8.169033572234808,False,False,False
10000000000000,222,3,2.716094328055692,20.14367853374879,58.154465712404544,False,False,False
30000000000000,222,3,2.716094328055692,19.43054573668903,330.30304787209224,True,False,False
100000000000000,222,3,2.716094328055692,18.704844352766735,2102.2793107095094,True,False,False
300000000000000,222,3,2.716094328055692,18.08839038723691,10899.493950129838,True,False,False
1000000000000000,222,3,2.716094328055692,17.457854729248954,63426.078905885624,True,False,False
100000,224,2,1.5843883580324871,30.826482224619774,6.13580104910551e-11,False,False,False
196841,224,2,1.5843883580324871,29.11391134137133,5.866842112212609e-10,False,False,False
387467,224,2,1.5843883580324871,27.581592191583503,4.726543544396327e-09,False,False,False
762698,224,2,1.5843883580324871,26.202511377028788,3.292167674307705e-08,False,False,False
1501310,224,2,1.5843883580324871,24.954772176614288,2.0244134654397138e-07,False,False,False
2955209,224,2,1.5843883580324871,23.820463664452497,1.117956151500433e-06,False,False,False
5817091,224,2,1.5843883580324871,22.784791292327128,5.623372982826488e-06,False,False,False
11450475,224,2,1.5843883580324871,21.83542499116068,2.6069489220388728e-05,False,False,False
22539339,224,2,1.5843883580324871,20.9620079153423,0.0001124940504536468,False,False,False
44366873,224,2,1.5843883580324871,20.15577684716715,0.0004556419309963182,False,False,False
87332616,224,2,1.5843883580324871,19.409266588767906,0.0017446605079598065,False,False,False
171907220,224,2,1.5843883580324871,18.716078494586252,0.006353945530135564,False,False,False
338385515,224,2,1.5843883580324871,18.070696477433426,0.022126166064681946,False,False,False
666084629,224,2,1.5843883580324871,17.468339927388985,0.07400781218290707,False,False,False
1311133937,224,2,1.5843883580324871,16.90484509117942,0.23871485441612605,False,False,False
2580861540,224,2,1.5843883580324871,16.376568681951667,0.745104017517203,False,False,False
5080218046,224,2,1.5843883580324871,15.880309024931831,2.257414274750081,False,False,False
10000000000,224,2,1.5843883580324871,15.413241112309887,6.656212245411376,False,False,False
30000000000,224,2,1.5843883580324871,14.711332185228489,36.525126370358436,False,False,False
70000000000,224,2,1.5843883580324871,14.212173145361096,130.58205485053014,False,False,False
100000000000,224,2,1.5843883580324871,14.01203737482717,221.20417745664975,False,False,False
300000000000,224,2,1.5843883580324871,13.42953583066102,1087.1769844435105,False,False,False
1000000000000,224,2,1.5843883580324871,12.844367593591572,5928.091361301286,False,False,False
3000000000000,224,2,1.5843883580324871,12.353202952547722,26795.54359700507,False,False,False
10000000000000,224,2,1.5843883580324871,11.856339317161451,134786.23908370297,False,False,False
30000000000000,224,2,1.5843883580324871,11.436597490663816,570895.9827516384,True,False,False
100000000000000,224,2,1.5843883580324871,11.009457937364205,2695696.945691736,True,False,False
300000000000000,224,2,1.5843883580324871,10.646620167863167,10845332.479652304,True,False,False
1000000000000000,224,2,1.5843883580324871,10.275494074873258,48690502.50979352,True,False,False
100000,226,2,1.3322184391864755,26.151595280645907,5.531751604187446e-09,False,False,False
196841,226,2,1.3322184391864755,24.698738600412618,4.0794663634060374e-08,False,False,False
387467,226,2,1.3322184391864755,23.39879818054757,2.605084525005838e-07,False,False,False
762698,226,2,1.3322184391864755,22.22885724928118,1.472081330293398e-06,False,False,False
1501310,226,2,1.3322184391864755,21.17033975944005,7.491540489976044e-06,False,False,False
2955209,226,2,1.3322184391864755,20.20805100663012,3.483288544069862e-05,False,False,False
5817091,226,2,1.3322184391864755,19.32944006030755,0.0001497444244569068,False,False,False
11450475,226,2,1.3322184391864755,18.52404672673541,0.0006011178545594124,False,False,False
22539339,226,2,1.3322184391864755,17.783084793045646,0.002272124488639575,False,False,False
44366873,226,2,1.3322184391864755,17.09911999797213,0.008143792213402262,False,False,False
87332616,226,2,1.3322184391864755,16.465819253234034,0.027845028321037003,False,False,False
171907220,226,2,1.3322184391864755,15.877754278440289,0.09129055139664041,False,False,False
338385515,226,2,1.3322184391864755,15.330245510134963,0.28825888236798203,False,False,False
666084629,226,2,1.3322184391864755,14.819237325787954,0.8799986491912817,False,False,False
1311133937,226,2,1.3322184391864755,14.341197412186746,2.605981227453552,False,False,False
2580861540,226,2,1.3322184391864755,13.893034992946987,7.507851597955954,False,False,False
5080218046,226,2,1.3322184391864755,13.47203393256229,21.097240239974724,False,False,False
10000000000,226,2,1.3322184391864755,13.075797640322953,57.95351223761666,False,False,False
30000000000,226,2,1.3322184391864755,12.480334361342488,285.9009306658171,False,False,False
70000000000,226,2,1.3322184391864755,12.056873614307838,947.6151370135403,False,False,False
100000000000,226,2,1.3322184391864755,11.887088763929956,1557.2580274100876,False,False,False
300000000000,226,2,1.3322184391864755,11.392924541026241,7006.531720292235,False,False,False
1000000000000,226,2,1.3322184391864755,10.89649803360246,34960.50419993928,False,False,False
3000000000000,226,2,1.3322184391864755,10.4798193216058,146681.9055210957,False,False,False
10000000000000,226,2,1.3322184391864755,10.058305877171502,684282.3757648598,False,False,False
30000000000000,226,2,1.3322184391864755,9.702218591929514,2719580.8228699076,True,False,False
100000000000000,226,2,1.3322184391864755,9.339855457373538,12036050.699052697,True,False,False
300000000000000,226,2,1.3322184391864755,9.032042634898934,45830941.763686135,True,False,False
1000000000000000,226,2,1.3322184391864755,8.71719842688197,194498947.53580973,True,False,False
100000,228,3,2.7959794553514477,55.37109727321409,2.3711155934764696e-21,False,False,False
196841,228,3,2.7959794553514477,52.29494579174893,8.865054041756548e-20,False,False,False
387467,228,3,2.7959794553514477,49.542565806310705,2.4192811328212956e-18,False,False,False
762698,228,3,2.7959794553514477,47.06543535159583,5.052444145324096e-17,False,False,False
1501310,228,3,2.7959794553514477,44.824223132363905,8.390322268018665e-16,False,False,False
2955209,228,3,2.7959794553514477,42.78675721240943,1.1432480605083087e-14,False,False,False
5817091,228,3,2.7959794553514477,40.92646335071365,1.3117200469844705e-13,False,False,False
11450475,228,3,2.7959794553514477,39.221194049248695,1.2949747185624873e-12,False,False,False
22539339,228,3,2.7959794553514477,37.652346150457284,1.120160079087761e-11,False,False,False
44366873,228,3,2.7959794553514477,36.204179000688896,8.621116589780184e-11,False,False,False
87332616,228,3,2.7959794553514477,34.86328347352218,5.981209405425436e-10,False,False,False
171907220,228,3,2.7959794553514477,33.61816620351102,3.782869504918369e-09,False,False,False
338385515,228,3,2.7959794553514477,32.45891909286886,2.202180002875046e-08,False,False,False
666084629,228,3,2.7959794553514477,31.376955121675593,1.1899126165621576e-07,False,False,False
1311133937,228,3,2.7959794553514477,30.36479527932438,6.011317745475752e-07,False,False,False
2580861540,228,3,2.7959794553514477,29.415895426614867,2.8574693811942593e-06,False,False,False
5080218046,228,3,2.7959794553514477,28.524504656127554,1.2852251325582334e-05,False,False,False
10000000000,228,3,2.7959794553514477,27.685548636607045,5.496725597946109e-05,False,False,False
30000000000,228,3,2.7959794553514477,26.42476684531588,0.0005274533117727593,False,False,False
70000000000,228,3,2.7959794553514477,25.52816814975575,0.0028059610880145913,False,False,False
100000000000,228,3,2.7959794553514477,25.168680578733678,0.005574386506307738,False,False,False
300000000000,228,3,2.7959794553514477,24.12238053616633,0.043564138660607606,False,False,False
1000000000000,228,3,2.7959794553514477,23.071290530505873,0.3785219102878964,False,False,False
3000000000000,228,3,2.7959794553514477,22.189051521908198,2.5297648081782578,False,False,False
10000000000000,228,3,2.7959794553514477,21.296575874313113,18.900584901478332,False,False,False
30000000000000,228,3,2.7959794553514477,20.54262784562513,111.82285729247074,True,False,False
100000000000000,228,3,2.7959794553514477,19.775391883290744,741.902199226224,True,False,False
300000000000000,228,3,2.7959794553514477,19.12365597378783,3984.6055031089736,True,False,False
1000000000000000,228,3,2.7959794553514477,18.457032424404698,24039.179002979323,True,False,False
100000,230,3,1.8442615807785563,36.84382087504159,1.7399436138180342e-13,False,False,False
196841,230,3,1.8442615807785563,34.796955637598955,2.324076926795974e-12,False,False,False
387467,230,3,1.8442615807785563,32.96552732648633,2.5251734818223047e-11,False,False,False
762698,230,3,1.8442615807785563,31.317249519974883,2.3021852710917142e-10,False,False,False
1501310,230,3,1.8442615807785563,29.82595125039406,1.8060671851948138e-09,False,False,False
2955209,230,3,1.8442615807785563,28.47022537370787,1.2445713351429959e-08,False,False,False
5817091,230,3,1.8442615807785563,27.232389441415172,7.662851913629018e-08,False,False,False
11450475,230,3,1.8442615807785563,26.097706551226622,4.27570798564504e-07,False,False,False
22539339,230,3,1.8442615807785563,25.053798198136818,2.1880059061376717e-06,False,False,False
44366873,230,3,1.8442615807785563,24.09019058169543,1.0372665811433442e-05,False,False,False
87332616,230,3,1.8442615807785563,23.197961295154382,4.594757576497596e-05,False,False,False
171907220,230,3,1.8442615807785563,22.369462675407792,0.00019158423717914003,False,False,False
338385515,230,3,1.8442615807785563,21.598101893379894,0.0007567184740129535,False,False,False
666084629,230,3,1.8442615807785563,20.878165162648397,0.002846886536239715,False,False,False
1311133937,230,3,1.8442615807785563,20.20467596404192,0.010250427584968975,False,False,False
2580861540,230,3,1.8442615807785563,19.573279840012148,0.035470210476364186,False,False,False
5080218046,230,3,1.8442615807785563,18.980150147901327,0.1183936062068841,False,False,False
10000000000,230,3,1.8442615807785563,18.421910437520793,0.3824190802205361,False,False,False
30000000000,230,3,1.8442615807785563,17.58298867565574,2.4066228515123265,False,False,False
70000000000,230,3,1.8442615807785563,16.986393640288913,9.484527990216009,False,False,False
100000000000,230,3,1.8442615807785563,16.74719130683708,16.706748743727683,False,False,False
300000000000,230,3,1.8442615807785563,16.050985285134345,91.9983617534028,False,False,False
1000000000000,230,3,1.8442615807785563,15.351592031267327,562.3439493993549,False,False,False
3000000000000,230,3,1.8442615807785563,14.764551903791446,2797.614724586038,False,False,False
10000000000000,230,3,1.8442615807785563,14.170700336554455,15505.729816838802,False,False,False
30000000000000,230,3,1.8442615807785563,13.669024778618411,71283.17106308287,True,False,False
100000000000000,230,3,1.8442615807785563,13.158507455371995,365857.19151121244,True,False,False
300000000000000,230,3,1.8442615807785563,12.724843643562837,1579947.8763072141,True,False,False
1000000000000000,230,3,1.8442615807785563,12.281273625013862,7626164.0404831935,True,False,False
100000,232,2,1.3692245069416553,27.591604460307817,1.3470194080703663e-09,False,False,False
196841,232,2,1.3692245069416553,26.05874780554841,1.0761135174151451e-08,False,False,False
387467,232,2,1.3692245069416553,24.687227578886464,7.381816826310283e-08,False,False,False
762698,232,2,1.3692245069416553,23.452865121414654,4.448884832733186e-07,False,False,False
1501310,232,2,1.3692245069416553,22.336061516105378,2.399959031015866e-06,False,False,False
2955209,232,2,1.3692245069416553,21.320785378676614,1.1766147195836082e-05,False,False,False
5817091,232,2,1.3692245069416553,20.39379467523107,5.308924488666969e-05,False,False,False
11450475,232,2,1.3692245069416553,19.544053232829,0.00022277972006033613,False,False,False
22539339,232,2,1.3692245069416553,18.762291035337242,0.0008771370949346287,False,False,False
44366873,232,2,1.3692245069416553,18.040664461970593,0.0032645125486196152,False,False,False
87332616,232,2,1.3692245069416553,17.372491699823122,0.011558036105405064,False,False,False
171907220,232,2,1.3692245069416553,16.752045566142012,0.03914039207252673,False,False,False
338385515,232,2,1.3692245069416553,16.174388822394114,0.12737234347776236,False,False,False
666084629,232,2,1.3692245069416553,15.63524252760125,0.3999398436151434,False,False,False
1311133937,232,2,1.3692245069416553,15.130879865561825,1.2159501600502738,False,False,False
2580861540,232,2,1.3692245069416553,14.658039869648096,3.590686644757289,False,False,False
5080218046,232,2,1.3692245069416553,14.21385684330318,10.326550541271263,False,False,False
10000000000,232,2,1.3692245069416553,13.795802230153908,28.992453163434455,False,False,False
30000000000,232,2,1.3692245069416553,13.16755041270451,147.79531021035206,False,False,False
70000000000,232,2,1.3692245069416553,12.720772259736782,501.42235754639,False,False,False
100000000000,232,2,1.3692245069416553,12.541638391049007,831.7494270527371,False,False,False
300000000000,232,2,1.3692245069416553,12.020263552134862,3845.496717670409,False,False,False
1000000000000,232,2,1.3692245069416553,11.496501858461592,19719.620847853563,False,False,False
3000000000000,232,2,1.3692245069416553,11.056879185922343,84656.80066642075,False,False,False
10000000000000,232,2,1.3692245069416553,10.612155561656854,404204.10153137415,False,False,False
30000000000000,232,2,1.3692245069416553,10.236460716952179,1638259.8449632605,True,False,False
100000000000000,232,2,1.3692245069416553,9.854144450109935,7396569.8021701155,True,False,False
300000000000000,232,2,1.3692245069416553,9.529382249013327,28646142.94652529,True,False,False
1000000000000000,232,2,1.3692245069416553,9.197201486769274,123695471.0324562,True,False,False
100000,234,3,2.8807061055136125,58.55029903052781,1.0167353507385344e-22,False,False,False
196841,234,3,2.8807061055136125,55.29752641137087,4.535677527649169e-21,False,False,False
387467,234,3,2.8807061055136125,52.38711503920892,1.4497038101896982e-19,False,False,False
762698,234,3,2.8807061055136125,49.7677569985774,3.490302904392054e-18,False,False,False
1501310,234,3,2.8807061055136125,47.39786273804986,6.592135721182647e-17,False,False,False
2955209,234,3,2.8807061055136125,45.24341312891139,1.0097022917147974e-15,False,False,False
5817091,234,3,2.8807061055136125,43.27630813640055,1.2890848646632502e-14,False,False,False
11450475,234,3,2.8807061055136125,41.47312863580843,1.4035358253274382e-13,False,False,False
22539339,234,3,2.8807061055136125,39.81420334569884,1.3285026271580716e-12,False,False,False
44366873,234,3,2.8807061055136125,38.2828878428337,1.1111091293473552e-11,False,False,False
87332616,234,3,2.8807061055136125,36.86500309879618,8.325650909139866e-11,False,False,False
171907220,234,3,2.8807061055136125,35.548395841990114,5.655854863217901e-10,False,False,False
338385515,234,3,2.8807061055136125,34.322589088631666,3.5191371809506714e-09,False,False,False
666084629,234,3,2.8807061055136125,33.17850278416414,2.023381793189538e-08,False,False,False
1311133937,234,3,2.8807061055136125,32.10822850110377,1.0833561020161023e-07,False,False,False
2580861540,234,3,2.8807061055136125,31.104846360200405,5.43806622292466e-07,False,False,False
5080218046,234,3,2.8807061055136125,30.162275258393247,2.5743610240279876e-06,False,False,False
10000000000,234,3,2.8807061055136125,29.275149515263905,1.1553515311195803e-05,False,False,False
30000000000,234,3,2.8807061055136125,27.941978338826836,0.00011918796950713055,False,False,False
70000000000,234,3,2.8807061055136125,26.993900292325456,0.0006675552869424248,False,False,False
100000000000,234,3,2.8807061055136125,26.61377228660355,0.0013538380013835719,False,False,False
300000000000,234,3,2.8807061055136125,25.50739760044382,0.011235407808246736,False,False,False
1000000000000,234,3,2.8807061055136125,24.39595792938659,0.10369558324039119,False,False,False
3000000000000,234,3,2.8807061055136125,23.463064049481872,0.72903522596585,False,False,False
10000000000000,234,3,2.8807061055136125,22.519345780972234,5.733211960491313,False,False,False
30000000000000,234,3,2.8807061055136125,21.722108870254324,35.42040003731319,True,False,False
100000000000000,234,3,2.8807061055136125,20.91082108233136,245.5845265437971,True,False,False
300000000000000,234,3,2.8807061055136125,20.221664929220623,1369.2762555126913,True,False,False
1000000000000000,234,3,2.8807061055136125,19.51676634350927,8583.17594559999,True,False,False
100000,236,2,1.3434872041795944,27.53974054214935,1.3920567397426763e-09,False,False,False
196841,236,2,1.3434872041795944,26.00976519689137,1.1088934906124032e-08,False,False,False
387467,236,2,1.3434872041795944,24.640823015768262,7.587092531954533e-08,False,False,False
762698,236,2,1.3434872041795944,23.408780788479667,4.562003526431283e-07,False,False,False
1501310,236,2,1.3434872041795944,22.29407643806759,2.455820308647831e-06,False,False,False
2955209,236,2,1.3434872041795944,21.280708714430986,1.2017059790629003e-05,False,False,False
5817091,236,2,1.3434872041795944,20.355460474713723,5.412697429742372e-05,False,False,False
11450475,236,2,1.3434872041795944,19.507316290662033,0.00022677186713606447,False,False,False
22539339,236,2,1.3434872041795944,18.727023570985107,0.0008915440664733016,False,False,False
44366873,236,2,1.3434872041795944,18.00675343854584,0.003313634348649001,False,False,False
87332616,236,2,1.3434872041795944,17.339836640236992,0.011717226622764903,False,False,False
171907220,236,2,1.3434872041795944,16.72055675868686,0.03963322910049372,False,False,False
338385515,236,2,1.3434872041795944,16.143985835885857,0.12883618587660065,False,False,False
666084629,236,2,1.3434872041795944,15.605852973977942,0.4041264390733766,False,False,False
1311133937,236,2,1.3434872041795944,15.102438362055132,1.2275145057777368,False,False,False
2580861540,236,2,1.3434872041795944,14.630487163126205,3.621615710837527,False,False,False
5080218046,236,2,1.3434872041795944,14.187139067281937,10.406807669671434,False,False,False
10000000000,236,2,1.3434872041795944,13.769870271074675,29.194829392519857,False,False,False
30000000000,236,2,1.3434872041795944,13.142799378094166,148.65131720400476,False,False,False
70000000000,236,2,1.3434872041795944,12.696861033684648,503.9031563773856,False,False,False
100000000000,236,2,1.3434872041795944,12.51806388279516,835.5831236953146,False,False,False
300000000000,236,2,1.3434872041795944,11.997669071773709,3859.437158041485,False,False,False
1000000000000,236,2,1.3434872041795944,11.47489189256223,19771.632070289535,False,False,False
3000000000000,236,2,1.3434872041795944,11.03609557843001,84809.97367992644,False,False,False
10000000000000,236,2,1.3434872041795944,10.592207900826674,404597.0815649948,False,False,False
30000000000000,236,2,1.3434872041795944,10.217219249439113,1638694.9689403342,True,False,False
100000000000000,236,2,1.3434872041795944,9.835621622196197,7393219.371120181,True,False,False
300000000000000,236,2,1.3434872041795944,9.511469876364808,28615693.143184043,True,False,False
1000000000000000,236,2,1.3434872041795944,9.179913514049783,123486858.00344622,True,False,False
100000,238,3,1.6900142485679863,34.93667985456908,1.0736527547123924e-12,False,False,False
196841,238,3,1.6900142485679863,32.99576618688751,1.2899265606638303e-11,False,False,False
387467,238,3,1.6900142485679863,31.25913781712797,1.2747781611899126e-10,False,False,False
762698,238,3,1.6900142485679863,29.696179560632626,1.0671607808417204e-09,False,False,False
1501310,238,3,1.6900142485679863,28.282075133496196,7.749945120776951e-09,False,False,False
2955209,238,3,1.6900142485679863,26.996525486379497,4.9786015516513215e-08,False,False,False
5817091,238,3,1.6900142485679863,25.822763464637415,2.875087477014771e-07,False,False,False
11450475,238,3,1.6900142485679863,24.746814989982102,1.5127272649437253e-06,False,False,False
22539339,238,3,1.6900142485679863,23.756942304054608,7.333878243157788e-06,False,False,False
44366873,238,3,1.6900142485679863,22.84321376012277,3.307603063935789e-05,False,False,False
87332616,238,3,1.6900142485679863,21.997168800603628,0.00013990331455383413,False,False,False
171907220,238,3,1.6900142485679863,21.211555627197754,0.0005588564435529338,False,False,False
338385515,238,3,1.6900142485679863,20.48012267442455,0.0021209693338652877,False,False,False
666084629,238,3,1.6900142485679863,19.797451917707516,0.007687511956821882,False,False,False
1311133937,238,3,1.6900142485679863,19.15882443667001,0.0267311335734905,False,False,False
2580861540,238,3,1.6900142485679863,18.560111172878557,0.089525174017801,False,False,False
5080218046,238,3,1.6900142485679863,17.997683561589408,0.28978500776764704,False,False,False
10000000000,238,3,1.6900142485679863,17.46833992728454,0.9093641108706013,False,False,False
30000000000,238,3,1.6900142485679863,16.672843143258955,5.4795773965576515,False,False,False
70000000000,238,3,1.6900142485679863,16.107129564742575,20.9383813646012,False,False,False
100000000000,238,3,1.6900142485679863,15.880309024804125,36.42855794837221,False,False,False
300000000000,238,3,1.6900142485679863,15.22014060808249,193.49921135155458,False,False,False
1000000000000,238,3,1.6900142485679863,14.556949939403783,1140.7186688194495,False,False,False
3000000000000,238,3,1.6900142485679863,14.000296679554085,5505.129996345404,False,False,False
10000000000000,238,3,1.6900142485679863,13.437184559449646,29588.429456433936,False,False,False
30000000000000,238,3,1.6900142485679863,12.961477156085659,132537.53415699815,True,False,False
100000000000000,238,3,1.6900142485679863,12.4773856623461,662501.5205327212,True,False,False
300000000000000,238,3,1.6900142485679863,12.066169523578257,2797493.8607285344,True,False,False
1000000000000000,238,3,1.6900142485679863,11.645559951523026,13196565.881134957,True,False,False
100000,240,3,3.520863017849971,73.3963862490947,4.4338841607455604e-29,False,False,False
196841,240,3,3.520863017849971,69.3188365270746,4.512474216433416e-27,False,False,False
387467,240,3,3.520863017849971,65.67045759900834,3.016803901922789e-25,False,False,False
762698,240,3,3.520863017849971,62.38693185006854,1.4111568563359788e-23,False,False,False
1501310,240,3,3.520863017849971,59.41612423003402,4.860843826121944e-22,False,False,False
2955209,240,3,3.520863017849971,56.71538967726785,1.2856637716600098e-20,False,False,False
5817091,240,3,3.520863017849971,54.24950307696936,2.7029229979156937e-19,False,False,False
11450475,240,3,3.520863017849971,51.98910712181114,4.648814852243671e-18,False,False,False
22539339,240,3,3.520863017849971,49.90954265557691,6.701352115414675e-17,False,False,False
44366873,240,3,3.520863017849971,47.9899448742075,8.263910165106928e-16,False,False,False
87332616,240,3,3.520863017849971,46.212539497066444,8.871251582676587e-15,False,False,False
171907220,240,3,3.520863017849971,44.56209165377679,8.414921703822767e-14,False,False,False
338385515,240,3,3.520863017849971,43.025467803412916,7.144538317810327e-13,False,False,False
666084629,240,3,3.520863017849971,41.59128554140235,5.490386077515471e-12,False,False,False
1311133937,240,3,3.520863017849971,40.24963116947481,3.856160979858906e-11,False,False,False
2580861540,240,3,3.520863017849971,38.99183019512302,2.496439866300832e-10,False,False,False
5080218046,240,3,3.520863017849971,37.81025958317103,1.5008670988318499e-09,False,False,False
10000000000,240,3,3.520863017849971,36.69819312454735,8.43485150963985e-09,False,False,False
30000000000,240,3,3.520863017849971,35.026981393401165,1.2201265177791646e-07,False,False,False
70000000000,240,3,3.520863017849971,33.83850748895499,8.690850499536683e-07,False,False,False
100000000000,240,3,3.520863017849971,33.3619937495885,1.9408927241499983e-06,False,False,False
300000000000,240,3,3.520863017849971,31.97508531109767,2.132347261768066e-05,False,False,False
1000000000000,240,3,3.520863017849971,30.58182760378946,0.0002608683366252577,False,False,False
3000000000000,240,3,3.520863017849971,29.412387982256483,0.002323486395776997,False,False,False
10000000000000,240,3,3.520863017849971,28.229379326574886,0.023211976039628324,False,False,False
30000000000000,240,3,3.520863017849971,27.229994025390038,0.17553329599978557,True,False,False
100000000000000,240,3,3.520863017849971,26.212995088962394,1.4950174521411403,True,False,False
300000000000000,240,3,3.520863017849971,25.349095637769445,9.92719127419528,True,False,False
1000000000000000,240,3,3.520863017849971,24.465462083031568,74.4058253702061,True,False,False
100000,242,2,1.4670262574374882,30.836676167154373,5.623676639484645e-11,False,False,False
196841,242,2,1.4670262574374882,29.12353895755565,5.380212443853446e-10,False,False,False
387467,242,2,1.4670262574374882,27.590713088472256,4.3366937352714025e-09,False,False,False
762698,242,2,1.4670262574374882,26.21117622867463,3.022004408368522e-08,False,False,False
1501310,242,2,1.4670262574374882,24.963024416090683,1.859052094658778e-07,False,False,False
2955209,242,2,1.4670262574374882,23.828340801907675,1.0270226393794203e-06,False,False,False
5817091,242,2,1.4670262574374882,22.792325945532266,5.167742629317696e-06,False,False,False
11450475,242,2,1.4670262574374882,21.842645700483153,2.3964747220022296e-05,False,False,False
22539339,242,2,1.4670262574374882,20.96893979626669,0.0001034416218345544,False,False,False
44366873,242,2,1.4670262574374882,20.162442117288567,0.000419088012160028,False,False,False
87332616,242,2,1.4670262574374882,19.415684997031388,0.0016050911335768886,False,False,False
171907220,242,2,1.4670262574374882,18.72226767398261,0.005846982655211126,False,False,False
338385515,242,2,1.4670262574374882,18.076672236850566,0.020365129345450237,False,False,False
666084629,242,2,1.4670262574374882,17.474116494825292,0.06813104950394978,False,False,False
1311133937,242,2,1.4670262574374882,16.910435317730737,0.21980009940103093,False,False,False
2580861540,242,2,1.4670262574374882,16.381984213923214,0.686184990177271,False,False,False
5080218046,242,2,1.4670262574374882,15.885560449873939,2.0792506533222057,False,False,False
10000000000,242,2,1.4670262574374882,15.418338083577186,6.131825960549044,False,False,False
30000000000,242,2,1.4670262574374882,14.71619704375535,33.65543362515404,False,False,False
70000000000,242,2,1.4670262574374882,14.216872938067896,120.34239458931566,False,False,False
100000000000,242,2,1.4670262574374882,14.016670985070169,203.87182825514753,False,False,False
300000000000,242,2,1.4670262574374882,13.433976814732008,1002.1847719975041,False,False,False
1000000000000,242,2,1.4670262574374882,12.848615069647655,5465.7086426485375,False,False,False
3000000000000,242,2,1.4670262574374882,12.357288006434146,24709.542250828505,False,False,False
10000000000000,242,2,1.4670262574374882,11.860260064290143,124313.71384780953,False,False,False
30000000000000,242,2,1.4670262574374882,11.440379434278453,526612.0036883366,True,False,False
100000000000000,242,2,1.4670262574374882,11.01309863112656,2486944.9835524373,True,False,False
300000000000000,242,2,1.4670262574374882,10.650140875590635,10006681.824995698,True,False,False
1000000000000000,242,2,1.4670262574374882,10.278892055718124,44930864.716443084,True,False,False
100000,244,2,1.342701998332616,28.456649753356633,5.561531832627896e-10,False,False,False
196841,244,2,1.342701998332616,26.87573534842087,4.661759630143064e-09,False,False,False
387467,244,2,1.342701998332616,25.461215552157896,3.3383320352751825e-08,False,False,False
762698,244,2,1.342701998332616,24.188153662208776,2.091338724040723e-07,False,False,False
1501310,244,2,1.342701998332616,23.036336301051325,1.168377875931837e-06,False,False,False
2955209,244,2,1.342701998332616,21.989229472330543,5.913405588275599e-06,False,False,False
5817091,244,2,1.342701998332616,21.033175981113118,2.7468297774809078e-05,False,False,False
11450475,244,2,1.342701998332616,20.156793651041184,0.00011837795766814895,False,False,False
22539339,244,2,1.342701998332616,19.35052183468342,0.0004776470055522003,False,False,False
44366873,244,2,1.342701998332616,18.60627099995757,0.0018183752666609666,False,False,False
87332616,244,2,1.342701998332616,17.917149847379573,0.006574261736418723,False,False,False
171907220,244,2,1.342701998332616,17.277251636951593,0.02270053250168618,False,False,False
338385515,244,2,1.342701998332616,16.68148433903509,0.0752231171717766,False,False,False
666084629,244,2,1.342701998332616,16.12543486033184,0.24022146921993423,False,False,False
1311133937,244,2,1.342701998332616,15.60525954240231,0.7419937887610705,False,False,False
2580861540,244,2,1.342701998332616,15.117595181583713,2.223822611898316,False,False,False
5080218046,244,2,1.342701998332616,14.659486236695546,6.485237122171166,False,False,False
10000000000,244,2,1.342701998332616,14.228324876678316,18.447934038741096,False,False,False
30000000000,244,2,1.342701998332616,13.580376260577147,95.91303578144104,False,False,False
70000000000,244,2,1.342701998332616,13.119590827285515,329.99241903220144,False,False,False
100000000000,244,2,1.342701998332616,12.934840796980286,550.467707573605,False,False,False
300000000000,244,2,1.342701998332616,12.39711994053151,2586.9662722300673,False,False,False
1000000000000,244,2,1.342701998332616,11.85693739723193,13485.540772704358,False,False,False
3000000000000,244,2,1.342701998332616,11.40353178125622,58697.21744975444,False,False,False
10000000000000,244,2,1.342701998332616,10.944865289752551,284191.89546673524,False,False,False
30000000000000,244,2,1.342701998332616,10.557391751369442,1165491.688374627,True,False,False
100000000000000,244,2,1.342701998332616,10.163089197627368,5325523.8328472385,True,False,False
300000000000000,244,2,1.342701998332616,9.828145130745357,20836273.78642138,True,False,False
1000000000000000,244,2,1.342701998332616,9.485549917785544,90913973.14593078,True,False,False
100000,246,3,2.7083561675769006,57.870227619478506,1.886974400056614e-22,False,False,False
196841,246,3,2.7083561675769006,54.65523649250112,8.105726781892073e-21,False,False,False
387467,246,3,2.7083561675769006,51.77863002998734,2.504654264751822e-19,False,False,False
762698,246,3,2.7083561675769006,49.18969626640019,5.849497076443337e-18,False,False,False
1501310,246,3,2.7083561675769006,46.84732871983451,1.0747980004693388e-16,False,False,False
2955209,246,3,2.7083561675769006,44.71790339938426,1.6055585258743739e-15,False,False,False
5817091,246,3,2.7083561675769006,42.773646656841215,2.0035096545839096e-14,False,False,False
11450475,246,3,2.7083561675769006,40.99141138450493,2.1361781570908367e-13,False,False,False
22539339,246,3,2.7083561675769006,39.35175478612794,1.983389905607733e-12,False,False,False
44366873,246,3,2.7083561675769006,37.83822576620206,1.6295880286189287e-11,False,False,False
87332616,246,3,2.7083561675769006,36.43680998807161,1.2011214581326263e-10,False,False,False
171907220,246,3,2.7083561675769006,35.13549534240092,8.035732817249188e-10,False,False,False
338385515,246,3,2.7083561675769006,33.92392653730633,4.929240024051363e-09,False,False,False
666084629,246,3,2.7083561675769006,32.793128984567225,2.7967289362691466e-08,False,False,False
1311133937,246,3,2.7083561675769006,31.735286114393595,1.4789206666073476e-07,False,False,False
2580861540,246,3,2.7083561675769006,30.74355842307776,7.33764460086295e-07,False,False,False
5080218046,246,3,2.7083561675769006,29.81193544057715,3.4357924787478715e-06,False,False,False
10000000000,246,3,2.7083561675769006,28.935113809739253,1.526147811354674e-05,False,False,False
30000000000,246,3,2.7083561675769006,27.61742763710476,0.00015502074633745556,False,False,False
70000000000,246,3,2.7083561675769006,26.68036167398374,0.000858740914064562,False,False,False
100000000000,246,3,2.7083561675769006,26.304648917944775,0.001733900201035429,False,False,False
300000000000,246,3,2.7083561675769006,25.211124956827003,0.014205785022707158,False,False,False
1000000000000,246,3,2.7083561675769006,24.11259484144938,0.12942855648857532,False,False,False
3000000000000,246,3,2.7083561675769006,23.190536678317606,0.9001449932332083,False,False,False
10000000000000,246,3,2.7083561675769006,22.257779853645577,7.001667140074228,False,False,False
30000000000000,246,3,2.7083561675769006,21.469802981557525,42.858339466263565,True,False,False
100000000000000,246,3,2.7083561675769006,20.667938435528036,294.3678775781546,True,False,False
300000000000000,246,3,2.7083561675769006,19.98678694516437,1628.1863630617427,True,False,False
1000000000000000,246,3,2.7083561675769006,19.290075873159502,10122.907279478131,True,False,False
100000,248,2,1.3658520327866268,29.42182724640434,2.1549995615395587e-10,False,False,False
196841,248,2,1.3658520327866268,27.787292228525594,1.9058546309613523e-09,False,False,False
387467,248,2,1.3658520327866268,26.32479550305076,1.4318764316698361e-08,False,False,False
762698,248,2,1.3658520327866268,25.0085545778292,9.365970953363176e-08,False,False,False
1501310,248,2,1.3658520327866268,23.81767048876364,5.440993618444982e-07,False,False,False
2955209,248,2,1.3658520327866268,22.73504844821513,2.8533603348816948e-06,False,False,False
5817091,248,2,1.3658520327866268,21.746568043785132,1.369094824161391e-05,False,False,False
11450475,248,2,1.3658520327866268,20.84046104451912,6.0782965477960406e-05,False,False,False
22539339,248,2,1.3658520327866268,20.006842530037297,0.0002520545961856635,False,False,False
44366873,248,2,1.3658520327866268,19.237348591815937,0.0009840881852985128,False,False,False
87332616,248,2,1.3658520327866268,18.524854194944737,0.0036420706293129866,False,False,False
171907220,248,2,1.3658520327866268,17.86325225776397,0.012851778352843969,False,False,False
338385515,248,2,1.3658520327866268,17.24727804188535,0.04345645157481545,False,False,False
666084629,248,2,1.3658520327866268,16.672368773062146,0.14141824933076758,False,False,False
1311133937,248,2,1.3658520327866268,16.134550425694645,0.4445864046632084,False,False,False
2580861540,248,2,1.3658520327866268,15.630345724769143,1.354688451149768,False,False,False
5080218046,248,2,1.3658520327866268,15.156698884633213,4.01248266114048,False,False,False
10000000000,248,2,1.3658520327866268,14.71091362320217,11.582068403825062,False,False,False
30000000000,248,2,1.3658520327866268,14.040988230975467,61.554586505541025,False,False,False
70000000000,248,2,1.3658520327866268,13.564574122727647,215.11673181928504,False,False,False
100000000000,248,2,1.3658520327866268,13.3735578392747,361.09666238564864,False,False,False
300000000000,248,2,1.3658520327866268,12.81759885315553,1728.2362615121983,False,False,False
1000000000000,248,2,1.3658520327866268,12.25909468600181,9175.668039841594,False,False,False
3000000000000,248,2,1.3658520327866268,11.790310699783848,40556.97751486176,False,False,False
10000000000000,248,2,1.3658520327866268,11.316087402463209,199441.71113935017,False,False,False
30000000000000,248,2,1.3658520327866268,10.915471742936523,828745.2159390954,True,False,False
100000000000000,248,2,1.3658520327866268,10.507795445144408,3837799.9202185813,True,False,False
300000000000000,248,2,1.3658520327866268,10.161490923761027,15187064.415165475,True,False,False
1000000000000000,248,2,1.3658520327866268,9.807275748801448,67039521.035539374,True,False,False
100000,250,2,1.7604315089249856,38.22728450473682,4.163908408667504e-14,False,False,False
196841,250,2,1.7604315089249856,36.10356069118469,6.006144107801468e-13,False,False,False
387467,250,2,1.7604315089249856,34.20336333281684,6.99040739481955e-12,False,False,False
762698,250,2,1.7604315089249856,32.493193671910696,6.780017717490792e-11,False,False,False
1501310,250,2,1.7604315089249856,30.945898036476052,5.625275623844201e-10,False,False,False
2955209,250,2,1.7604315089249856,29.53926545691034,4.0788543632422546e-09,False,False,False
5817091,250,2,1.7604315089249856,28.254949519254872,2.6308424904622263e-08,False,False,False
11450475,250,2,1.7604315089249856,27.077659959276634,1.53185018439103e-07,False,False,False
22539339,250,2,1.7604315089249856,25.994553466446305,8.15230242049194e-07,False,False,False
44366873,250,2,1.7604315089249856,24.994762955316403,4.007155626343623e-06,False,False,False
87332616,250,2,1.7604315089249856,24.069030988055438,1.8355171873684653e-05,False,False,False
171907220,250,2,1.7604315089249856,23.209422736342077,7.895258766510537e-05,False,False,False
338385515,250,2,1.7604315089249856,22.409097814277562,0.0003210109872667244,False,False,False
666084629,250,2,1.7604315089249856,21.662127886147054,0.001240783722908827,False,False,False
1311133937,250,2,1.7604315089249856,20.963349567434797,0.004581955175713734,False,False,False
2580861540,250,2,1.7604315089249856,20.30824489329324,0.01623562876488205,False,False,False
5080218046,250,2,1.7604315089249856,19.692843532901577,0.05541228492535452,False,False,False
10000000000,250,2,1.7604315089249856,19.11364225236841,0.18277671027841985,False,False,False
30000000000,250,2,1.7604315089249856,18.243219475729774,1.187052854715801,False,False,False
70000000000,250,2,1.7604315089249856,17.62422265049739,4.784171250373863,False,False,False
100000000000,250,2,1.7604315089249856,17.37603841124401,8.503226112529683,False,False,False
300000000000,250,2,1.7604315089249856,16.6536902661967,48.06459200905593,False,False,False
1000000000000,250,2,1.7604315089249856,15.92803521030701,301.6147309534845,False,False,False
3000000000000,250,2,1.7604315089249856,15.318952074091916,1533.951344078572,False,False,False
10000000000000,250,2,1.7604315089249856,14.702801732591086,8693.609448037321,False,False,False
30000000000000,250,2,1.7604315089249856,14.182288554890643,40726.39783609603,True,False,False
100000000000000,250,2,1.7604315089249856,13.652601608834578,213071.73670143762,True,False,False
300000000000000,250,2,1.7604315089249856,13.20265397800492,935252.7239127003,True,False,False
1000000000000000,250,2,1.7604315089249856,12.742428168245608,4590139.487399223,True,False,False
